welfare_id,welfare_service_name,welfare_dept_name,welfare_target_detail,welfare_crit,welfare_service_content,welfare_howto,welfare_contact,welfare_phone,welfare_site_name,welfare_site_link,welfare_purpose,welfare_family,welfare_target,welfare_life
WLF00000022,(산재근로자)사회심리재활지원,고용노동부 산재보상정책과,"산업재해로 치료 중이거나 치료를 완료한 산재노동자 중 각 서비스별 요건에 해당하는 사람를 지원합니다. 

(재활스포츠)스포츠가 필요하고, 요양하고 있는산재노동자 및 산재장해인
(심리상담) 심리상태 불안자 및 트라우마 호소자
(사회심리재활프로그램) 요양중인 산재노동자 및 산재장해인
(취미활동반)진폐증 등 진행성 질병으로 입원요양 중인 산재근로자
(멘토링프로그램)요양환자로 멘토링이 필요한 사람","



(재활스포츠) 스포츠가 필요하며 요양중인 산재노동자 및 산재장해인에게 지원합니다.
(심리상담) 다차원심리검사 결과 60점 이상인 분을 지원합니다.
(사회심리재활프로그램) 요양 초기의 산재근로자에게 희망찾기프로그램을 지원하며, 장해판정일로부터 5년 이내인 산재장해인 또는 통원요양중인자로 요양기간이 2년 이상인 산재근로자에게 사회적응프로그램을 지원합니다.
(취미활동반) 진폐 등의 진행성 질병으로 입원 요양중인 산재근로자에게 지원합니다.
(멘토링프로그램) 원직장 복귀가 불투명한 자 또는 잡코디네이터로부터 추천을 받으신 분을 지원합니다.

","(재활스포츠) 재활스포츠 이용비를 지원합니다.
- (일반) 1인당 매달 10만원씩 3개월 한도 내에서 재활스포츠 이용비 지원
- (특수) 1인당 1개월 60만원 한도 내에서 재활스포츠 이용비 지원
(심리상담) 개별 상담 및 각종 심리 검사를 지원합니다.
(사회심리재활프로그램) 사회복지기관 등 위탁기관에서 서비스를 이용할 수 있도록 지원합니다.
(취미활동반) 1인당 매달 8만원 범위 내에서 취미활동비를 지원합니다.
(재활멘토링) 멘토에게 활동비를 지원합니다. * 멘토에게 상담비 및 동행면접 등 상담에 따른 교통비 및 실비 지원",담당 시/군/구청 또는 근로복지공단에서 대상자에게 서비스 제공,,,,,9,12,5,6
WLF00000023,농어가목돈마련저축 저축장려금 지급,금융위원회 은행과,"농어민, 축산업자, 임업인 등을 지원합니다.* 「농어가목돈마련저축에 관한 법률」 시행령 제2조 참조","



「농어가목돈마련저축에 관한 법률」 시행령 제2조 농어민의 범위에 해당하여야 합니다.
- 일반 농어민
ㆍ(농업인) 2헥타르 이하 농지를 소유하거나 임차한 사람
ㆍ(어업인) 20톤 이하의 어선을 소유한 사람
ㆍ(임업인) 산림과 토지를 합하여 10헥타르 이하를 소유하거나 임차한 사람
ㆍ(축산인) 이 법에서 정하는 양축두수 최대기준 이하를 사육하는 사람
- 저소득 농어민
ㆍ(농업인) 1헥타르 이하 농지를 소유하거나 임차한 사람이면서 영농조합법인 또는 농업회사법인에 고용되지 않은 사람
ㆍ(어업인) 5톤 이하 어선 소유 어민이면서 양식업을 하지 아니하고 어선원이 아닌 사람
ㆍ(임업인) 산림과 토지를 합하여 5헥타르 이하를 소유하거나 임차한 사람
ㆍ(축산인) 이 법에서 정하는 양축두수 최대기준 1/2 이하를 사육하는 사람
단, 다음에 해당하는 경우, 가입 대상에서 제외됩니다.
- 농어민으로서 종사하는 분야 외의 분야에서 상시 근로하고 있는 사람
- 농어민으로서 종사하는 분야 외의 분야에서 직전 연도에 발생한 종합소득금액이 직전 연도 기준 중위소득의 100분의 40 이상인 사람

* (농업인) 「농업협동조합법」 제19조에 따른 농업인 및 동법 제105조에 따른 축산업을 경영하는 농업인
* (어업인) 「수산업협동조합법」 제2조 제3호에 따른 어업인
* (임업인) 「산림조합법」 제2조 제10호에 따른 임업인

","만기해지 시 저축기관이 지급하는 기본이자 외 저축장려금을 지급합니다.
* 저축장려금 지급률(연이율)
- 일반 농어민, 3년 : 0.9%
- 일반 농어민, 5년 : 1.5%
- 저소득농어민, 3년 : 3.0%
- 저소득농어민, 5년 : 4.8%
중도해지할 경우에는 저축장려금 지급률이 달라질 수 있습니다.* 「농어가목돈마련저축에 관한 법률」 시행령 제11조 참조",1661-2100,,,,,9,12,5,6
WLF00000024,아이돌봄 서비스,여성가족부 가족문화과,"정부 지원 대상자 기준은 다음과 같습니다.

아동의 연령이 12세 이하
부모의 취업 등으로 양육공백이 발생
자녀양육 정부지원 중복금지
가구 기준중위소득 150% 이하인 가정

상기 , ,  의 조건 충족 시 정부지원이 가능하며, 의 가구 소득에 따라 서비스 유형별 정부지원의 범위가 달라집니다.","



대상아동의 연령 기준은 아래와 같습니다. 

시간제 서비스: 생후 3개월~12세 이하의 아동
영아종일제 서비스: 생후 3개월~36개월 이하의 영아

양육공백 가정 기준 및 우선순위는 아래와 같습니다.* 단, 부모 모두 비취업 등으로 양육공백이 없어가정에서 아동을 양육하는 경우는 아이돌봄서비스 지원대상에서 제외

 맞벌이 가정, 취업 한부모가정(조손가족 포함)
 장애부모 가정(가정에서 아동을 양육하는 아버지 또는 어머니가 장애인인 경우) ＊ 단, 휴직 또는 전업 양육자가 비장애인인 경우는 양육공백을 인정하지 않음
 다자녀가정
-12세 이하 아동이 3명 이상
-36개월 이하 1명 이상을 포함하여12세 이하 아동이 2명 이상
- 장애정도가 심한(중증) 장애아를 포함하여 아동이 2명 이상(비장애아에게 돌봄 제공)- 건강보험 산정특례대상(중증질환, 희귀난치질환)에 해당하는 자녀를 포함하여 만 12세 이하 아동 2명 이상 양육하는 가정
 다문화 가정- 다문화가족지원법 제2조 제1호에 해당하는 다문화가정으로서 12세 이하 아동 2명 이상인 가정
 기타 양육부담 가정
- 아버지 또는 어머니가 입증 가능한 장기입원 등의 질병을 앓고 있는 경우
- 아버지 또는 어머니가 학교에 재학 중이거나 취업준비 중(입증 가능해야 함)인 경우
- 어머니의 출산으로 출생 아동의 형제ㆍ자매를 돌볼 수 없을 경우- 아동학대 피해 위기 아동 가정(아동학대 전담공무원 또는 아동보호전분기관의 사례관리 중 양육공백을 인정받은 경우)

가구 소득기준은 아래와 같습니다.

가구 소득은 건강보험료 본인부담금 고지액을 기준으로 산정하며 건강보험 미가입 사업장에 취업한 사람의 소득은 별도로 파악합니다.
가구원의 범위는 세대별 주민등록표에 기재된 자로서 생계와 주거를 같이 하는 아동의 2촌 이내의 가족, 직계존비속 및 배우자를 말합니다.
소득합산 대상자의 범위는 가구원의 범위와 동일합니다.
아버지 또는 어머니가 아동과 주민등록상 거주지가 다르고 생계와 주거를 같이 하지 않는 경우에도 소득은 합산하며 가구원 수에 포함합니다.
부부가 이혼한 경우에는 아동의 기본증명서 상의 친권자이거나 실거주를 함께하는 아버지 또는 어머니의 소득만 산정하고 가구원 수에 포함합니다.
2024년 가구원수별 소득기준 금액은 다음과 같습니다. (4인 가족 월소득 기준)
- 기준 중위소득 75% : 4,298,000원
- 기준 중위소득 120% : 6,876,000원- 기준 중위소득 150% : 8,595,000원


","취업 부모 등의12세 이하 자녀에 대해, 아이돌보미가 대상자의 집으로 찾아가 돌봄서비스를 제공합니다. 

시간제 아이돌봄: 부모가 올 때까지 임시보육, 놀이 활동, 보육시설 및 초등학교 등하원(교) 동행, 준비된 식사와 간식 챙겨주기 등의 서비스 제공 ＊ 영아를 대상으로 시간제 돌봄 시, 영아 종일제 아이돌봄 업무 병행
영아 종일제 아이돌봄: 이유식 먹이기, 젖병 소독, 기저귀 갈기, 목욕 등의 서비스 지원


2024년 아이돌봄 서비스의 1시간 당 정부지원금은 아래와 같습니다.
 ＊A형: '17.1.1. 이후 출생 아동 /B형: '16.12.31. 이전 출생 아동 

일반가정 시간제 아이돌봄
  가형(기준 중위소득 75% 이하) : A형 시간당 9,886원, B형 8,723원 지원
  나형(기준 중위소득 120% 이하) : A형 시간당 6,978원 지원, B형 3,489원 지원  다형(기준 중위소득 150% 이하) : A형 시간당 2,326원 지원, B형 1,745원 지원
한부모, 장애부모, 장애아동, 청소년부모 시간제 아이돌봄
  가형(기준 중위소득 75% 이하) : A형 시간당 10,467원, B형 9,304 지원
  나형(기준 중위소득 120% 이하) : A형 시간당 6,978원, B형 3,489원 지원  다형(기준 중위소득 150% 이하) : A형 시간당 2,326원, B형 1,745원 지원
청소년(한)부모, 0~1세 자녀 양육 가정 시간제 아이돌봄  가형~다형(기준 중위소득 150% 이하) : 시간당 10,467원
일반가정 영아종일제
  가형(기준 중위소득 75% 이하) : 시간당 9,886원
 나형(기준 중위소득 120% 이하) : 시간당 6,978원 지원 다형(기준 중위소득 150% 이하) : 시간당 2,326원 지원
한부모, 장애부모, 장애아동, 청소년부모 영아종일제
 가형(기준 중위소득 75% 이하) : 시간당 10,467원
 나형(기준 중위소득 120% 이하) : 시간당 6,978원 지원 다형(기준 중위소득 150% 이하) : 시간당 2,326원 지원
청소년(한)부모, 0~1세 자녀 양육 가정 영아종일제  가형~다형(기준 중위소득 150% 이하) : 시간당 10,467원",1577-8136,,,,,9,12,5,6
WLF00000025,장애인일자리지원,보건복지부 장애인자립기반과,"18세 이상 「장애인복지법」상 등록된 미취업 장애인을 대상으로 합니다.* 일자리 지원 주요직무 : 행정도우미, 전담지원 행정도우미, 복지서비스 지원요원 등","



일반형 일자리참여자 선발 기준표 및 지방자치단체 여건에 맞는 기준을 고려하여 우선 선발합니다.(사업참여경력, 장애정도, 소득수준 등을 반영)※ 참여 이력은 장애인일자리사업 모든 유형 및 타 지역 참여 경험을 포함 
장애인일자리사업 우수 참여자, 특수학교 및 대학교 졸업예정자 등일 경우 가점으로 반영합니다.
아래 경우에 해당 시, 선발에서 제외합니다. 

국민건강보험 직장가입자(피부양자는 제외) ※ 단, 근로계약서 기준으로 신청 당시 직장가입자 중 근로종료일이 장애인일자리사업 시작 전일 경우 신청 가능
사업자등록증이 있는 자
정부부처 및 지자체에서 추진 중인 타 재정지원 일자리사업 참여자 ※ 단, 신청 당시 타 재정지원 일자리 근로 종료일이 장애인일자리사업 시작 전임을 입증할 수 있는 근로계약서를 제출하는 경우에 한해 신청 가능
장애인일자리사업에 2년 이상 연속으로 참여한 대상자 ※ 단, 반복참여 제한 예외 대상자는 신청 가능
장기요양등급판정을 받은 자는 제외(등급외자인 경우 신청 가능)
최근 1년 이내 장애인일자리사업 참여 중단 조치를 받은 자
수행기관 또는 배치기관의 법인, 기관 단체의 대표, 임직원
시각장애인안마사 파견사업의 경우 안마원, 안마시술소를 개설하거나 이에 고용된 자 및 개인사업자로서 출장 안마서비스를 제공하는 자 ※ 단, 외부 요구에 의하여 신고 없이 출장 시술을 통해 서비스를 제공하는 자는 가능


","장애인일자리사업 제공유형은 다음과 같습니다.

일반형일자리(전일제/시간제)
복지일자리(참여형/특수교육-복지연계형)
특화형일자리(시각장애인안마사 파견사업/발달장애인 요양보호사 보조일자리)

일자리 유형별 월 급여는 다음과 같습니다. 

일반형 전일제일자리 : 2,060,740원(월)
일반형 시간제일자리 : 1,030,370원(월)
복지일자리 : 552,160원(월)
시각장애인안마사파견 : 1,291,660원(월)
발달장애인요양보호사보조 : 1,291,660원(월)",1577-7114,,,,,9,12,5,6
WLF00000026,장애인자립자금대여,보건복지부 장애인자립기반과,"가구의 소득인정액이 「국민기초생활보장법」에 의한 기준중위소득 50% 초과 100% 이하 가구의 성년 등록장애인을 지원합니다.* '24년 기준 4인 가구 기준 2,864,956원 초과 5,729,913원 이하
중위소득 50%이하의 장애인의 경우, 미소금융재단의 장애인대출 상품을 이용할 수 있습니다.(서비스내용 동일)
시군구에서 장애인자립자금대여를 금융기관에 추천하였다하여도 해당 금융기관의 여신규정(신용등급 및 보증인 대출요건 등)에 의거 대여가 되지 않을 수 있습니다.","



지원대상을 참고해주시기 바랍니다.

","장애인자립자금대여 융자요건 및 상환방법은 다음과 같습니다. 
 
(대여목적) 생업자금, 생업용 자동차 구입비, 출퇴근용 자동차 구입비, 취업에 필요한 지도 및 기술훈련비 등* 생활가계자금, 주택전세자금, 학자금 등의 용도로 융자 불가  
(대여한도)
 - 무보증대출 : 가구당 1,200만원 이내(자동차 구입 자금은 특수설비 부착 시 1,500만원 이내)
 * 요건 : 재산세 2만원 이상 또는 연간소득 600만원 이상 - 담보대출 : 5,000만원 이하(담보범위내) 
(대여이자) 최고 연2% ('21년 4월 이전 3%) 
(대여기관) 국민은행 지점 
(상환방법) 5년 거치, 5년 분할 상환","담당 시/군/구청 또는 시군구, 읍면동, 복지로 홈페이지(www.bokjiro.go.kr)에서 서비스 제공 이후 대상자의 상황 관리",,,,,9,12,5,6
WLF00000028,공동육아나눔터 운영,여성가족부 가족정책과,부모 등 보호자 및 자녀 누구나 이용 가능합니다.,"



지원대상의 내용을 참고해 주시기 바랍니다.

","(공간 제공) 자녀 돌봄을 위한 안전한 공간 제공
(프로그램 운영) 부모 등 보호자와 자녀가 함께하는 프로그램 운영
(공동육아 지원) 지역사회 주민이 함께하는 품앗이 돌봄 공동체를 구성･운영하며 이를 촉진하기 위하 다양한 활동을 수행
(놀이활동 지원) 아이들의 성장과 발달 단계에 맞는 다양한 놀이 프로그램을 개발하고 놀이 활동을 촉진할 수 있는 교구 등을 지원",담당 시/군/구청 또는 건강가정지원센터에서 서비스 제공 이후 대상자의 상황 관리,,,,,9,12,5,6
WLF00000030,육아종합지원서비스 제공,보건복지부 보육사업기획과,중앙육아종합지원센터(1개소)를 지원합니다.,"



선정기준은 지원대상의 내용을 참고해주시기 바랍니다.

","중앙육아종합지원센터* 운영비를 지원합니다.* 시설보육 및 가정양육 상담, 일시보육 서비스, 장난감 도서대여, 교재 및 교구대여, 놀이공간 제공 등 One-stop 육아지원 서비스 제공","이의가 있을 경우, 담당 시/군/구청 또는 보건복지부에 이의 신청 접수",,,,,9,12,5,6
WLF00000031,노후준비서비스,보건복지부 인구정책총괄과,일반 국민 모두가 서비스를 이용할 수 있습니다.,"



지원대상을 참고해주시기 바랍니다.

","노후준비에 필요한 재무건강여가대인관계 등의 분야에 대한 종합적인 노후준비 진단, 상담, 교육, 관계기관 연계, 사후관리 서비스를 제공합니다,
노후준비서비스를 아래 절차에 따라 제공합니다. 

(진단서비스) '노후준비 종합진단지' 작성을 통해 개인의 노후준비상태를 종합적으로 진단
(상담서비스) 노후준비에 대한 취약점 보완을 위해 맞춤형 상담을 제공
(관계기관 연계서비스) 노후준비를 위해 타 기관에서 제공중인 서비스의 이용이나 심층상담이 필요한 경우 해당기관으로 연계
(사후관리서비스) 노후준비 실천사항의 준비사항을 주기적으로 점검","담당 시/군/구청 또는 국민연금공단(중앙노후준비지원센터, 지역노후준비지원센터)에서 서비스 제공 이후 대상자의 상황 관리",,,,,9,12,5,6
WLF00000032,실종아동 등 보호 및 지원,보건복지부 아동학대대응과,"가족을 잃어버린 실종아동(실종당시 18세 미만 아동), 실종장애인(지적자폐성정신)과 그 가족을 지원합니다.
실종아동을 신고(국번없이 182, 경찰청) 후 연계하여 지원합니다.","



선정기준은 지원대상의 내용을 참고해주시기 바랍니다.

","실종아동전문기관(1개소)을 통해서 실종이나 유괴를 예방할 수 있는 방문교육을 실시합니다.
시설보호아동 등의 신상카드 접수 및 열람을 돕습니다.
기타 실종가족지원 등의 서비스를 제공합니다.",담당 시/군/구청 또는 아동권리보장원 실종아동센터에서 서비스 제공 이후 대상자의 상황 관리,,,,,9,12,5,6
WLF00000033,노인복지민간단체지원,보건복지부 노인지원과,"민법 등 법률에 따라 설립된 비영리법인, 비영리민간단체, 사회적협동조합 등 행정기관 허가 및 등록 단체로서 전국적인 사업수행이 가능한 단체를 대상으로합니다.","



노인복지관련 전문가로 사업심사위원회를 구성하여 1, 2차 심사를 거쳐 선정합니다.

",노인복지 단체 수행사업에 대하여 국고보조금을 지원합니다.,"담당 시/군/구청 또는 노인복지관련 민간단체(비영리법인, 비영리민간단체 등)에서 서비스 제공 이후 대상자의 상황 관리",,,,,9,12,5,6
WLF00000035,개발제한구역 거주민 생활비용보조사업,국토교통부 녹색도시과,"다음의 어느 하나에 해당하는 사람으로서 해당 가구의 월평균 소득금액이 도시지역 가구당 월평균 소득 이하인 세대를 대상으로 합니다.

지정당시거주자
지정당시거주자의 자녀 또는 배우자로서 출생 또는 혼인 이후 그와 함께 개발제한구역에서 계속하여 거주한 사람(지정당시거주자인 세대주가 사망한 경우에 한정)
* 다만, 자녀 또는 배우자가 다음에 해당하는 경우에는 개발제한구역에서 계속하여 거주한 것으로 봄
- 생업을 목적으로 3년 이하의 기간 동안 개발제한구역 밖에 거주한 경우
- 학업을 목적으로 개발제한구역 밖에 거주한 경우","



개발제한구역 지정당시거주 가구 중 통계청이 발표한 전년도 도시지역 가구당 월평균 소득액* 이하인 세대를 지원합니다.* 2022.1.12022.12.31 기간 사용한 생활비용 보조는 전년도(2021년) 통계청 발표 자료(5,515,394원) 기준
신청 당시 최근 3년간 3회 이상 법과 이 시행영에 따라 불법행위로 형사 처벌을 받은 사람과 불법행위에 대한 시정명령을 받고 이를 이행하지 아니한 사람은 지원에서 제외합니다.

","학자금, 전기료, 건강보험료, 정보통신비, 의료비, 상하수도비 등 생활비용에 대해 세대당 연1회 60~100만원 한도로 지원합니다.
'22년에 사용한 학자금, 전기료, 건강보험료 등 생활비용을 '23년 개발제한구역 주민지원사업 예산으로 지원합니다.","담당 시/군/구청 또는 시군구, 읍면동에서 대상자에게 서비스 제공",,,,,9,12,5,6
WLF00000036,비주택 주거급여수급자 주거상향지원,국토교통부 주거복지정책과,공공임대주택 입주자격을 갖춘 비주택거주자를 대상으로 합니다.,"



지원대상의 내용을 참고해주시기 바랍니다.

","주택물색도우미, 이사도우미 등의 지원서비스를 운영합니다.
지원대상에게 직접 지급되는 현금은 없습니다.",1599-0001,,,,,9,12,5,6
WLF00000037,시간제보육 지원,보건복지부 보육사업기획과,"어린이집, 유치원 등을 이용하지 않고 부모급여(현금) 또는양육수당을 수급 중인 영아(6개월 이상 36개월 미만)에게 지원합니다.","



지원대상의 내용을 참고해 주시기 바랍니다.

","가정양육 시에도 지정된 제공기관에서 시간단위로 보육서비스를 이용하고, 이용한 시간만큼 보육료를 지불하는 보육서비스를 이용할 수 있습니다.
시간제 보육료 이용단가는 5천원 입니다.(정부지원금 3천원, 부모부담금 2천원)",1661-9361,,,,,9,12,5,6
WLF00000038,독립유공자 제수비 지급,국가보훈부 선양정책과,"독립유공자 유족으로 등록된 수권유족(권한을 부여받도록 특별히 지정한 유족)에게 지급합니다. 
제사주관자가 따로 있는 경우에는 수권자와 협의를 거친 후 제사 주관자에게 지급합니다. 
단, 국적상실자는 지급 대상에서 제외됩니다.","



지원대상의 내용을 참고해주시기 바랍니다.

","연 1회, 제수비 35만원을 지급합니다.",담당 시/군/구청 또는 보훈(지)청에서 대상자에게 서비스 제공,,,,,9,12,5,6
WLF00000040,선천성대사이상 검사 및 환아관리,보건복지부 출산정책과,"지원대상은 다음과 같습니다. 

(선별검사)기준 중위소득 180% 이하 가구의 영아
- 다자녀(2명 이상) 가구의 영아는 소득수준에 관계없이 지원
- 첫째로 출생한 쌍둥이는 다자녀로 인정
- 상기 기준을 원칙으로 하되 예산 범위 내에서 시도지사, 시장군수구청장 또는 보건소장이 추가 지원이 필요하다고 인정하는 경우 지원 가능
(확진검사) 별도 소득기준 없음

소득요건 판정기준은 다음과 같습니다.
 

기초생활보장수급자(생계, 의료, 주거, 교육) 및 차상위계층(계층확인, 자활, 장애인, 본인부담경감대상) - 부모 중 한명이 기초생활보장수급자 또는 차상위계층 자격 보유 시 해당 가구로 인정 
건강보험료 본인부담금 고지금액 기준으로 가구원수별 기준중위소득 180% 이하인 가구","



선천성대사이상 검사비 지원 기준은 다음과 같습니다.

신생아 선천성대사이상 외래 선별검사비의 (일부)본인부담금 지원
- 출생 후 28일 이내에 실시하여 건강보험이 적용된 선별검사를 대상으로 함
* 단, 출생일 기준 28일 이후에 실시하였어도 건강보험이 적용된 선별검사는 지원 가능
- 1회 지원이 원칙이나, 유소견 검사결과에 따라 선별검사를 재실시한 경우에는 1회에 한하여 추가 지원 가능(최대 2회)
- 검사비 외 항목(진찰료 등)은 지원 제외
- 정상 신생아는 최초 1회에 한하여 급여를 인정하되, 검사결과 유소견자의 경우 1회에 한하여 추가 인정
선천성대사이상 선별검사 결과 유소견 판정 후, 선천성대사이상 질환 관련 확진검사를 받은 경우 확진검사비의 (일부)본인부담금 지원
- 확진검사 결과 선천성대사이상 환아로 판정된 경우에만 지원(7만원 한도)
- 검사비 외 항목(진찰료 등)은 지원 제외
지원대상 : 기준중위소득 180%이하 가구의 영아

환아관리 지원 기준은 다음과 같습니다.

확진검사 결과 선천성대사이상 및 희귀 등 기타 질환으로 진단받아 특수식이 또는 의료비 지원이 필요한, 신청일 기준 만 19세 미만* 환아* 만 나이는 출생월 기준으로 산정하며, 만 19세가 도래한 달까지만 지원 
대상질환 및 지원내용
- (특수조제분유, 저단백햇반 지원) 선천성대사이상 질환: 고전적 페닐케톤뇨증, 타이로신혈증, 단풍시럽뇨병, 메틸말론산혈증/프로피온산혈증, 아이소발레린산혈증, 지방산대사장애, 호모시스틴뇨, 요소회로대사장애(아르지닌혈증, 시트룰린혈증 등), 글루타르산뇨, 고글라이신혈증, 갈락토스혈증, 고칼슘혈증
- (의료비 지원) 선천성대사이상 질환: 선천성 갑상선기능저하증
- (특수조제분유) 희귀 등 기타 질환: 크론병, 단장증후군, 담도폐쇄증, 장림프관확장증


","선천성대사이상 검사비 지원 내용은 다음과 같습니다.

선천성대사이상 선별검사비용 (2~4만원) 지원
2차정밀검사비용 (7만원한도) * 정밀검사 결과 선천성대사이상 질환으로 확진된 환아는 의료기관의 검사결과 등 증빙서류를 구비하여 관할 보건소장에게 검사비 청구 

환아관리 지원 내용은 다음과 같습니다.

특수식이(특수조제분유, 저단백햇반) 및 선천성 갑상선기능저하증 의료비(연 25만원 한도) 지원",담당 시/군/구청 또는 보건소에서 서비스 제공 이후 대상자의 상황 관리,,,,,9,12,5,6
WLF00000041,어선원 및 어선 재해보상보험,해양수산부 소득복지과,"어선원 및 「어선재해보상보험법」 제6조의 규정에 따른 모든 어선의 소유자를 대상으로 합니다.* 단, 원양어선, 해운법에 따른 수산물 운송선 등은 제외","



어선원보험 : (당연가입) 3톤 이상 어선, (임의가입) 3톤 미만, 가족승선어선, 내수면어선, 양식장관리선, 시험조사지도단속선
어선보험 : 전톤수 임의가입

","어선원 및 어선 재해보상보험료를 지원하며, 톤급별로 국고보조비율은 다음과 같습니다. (지방비 보조는 별도) 

(어선원보험) 10톤 미만 71%, 10톤~30톤 미만 63%, 30톤~50톤 미만 39%, 50톤~100톤 미만 31%, 100톤 이상 15%
(어선보험) 10톤 미만 71%, 20톤 미만 63%, 20톤 이상 15%* 보험가입일 이전 1년 이내 수산관계법령을 위반하여 어업 면허허가 취소 또는 어업정지 60일 처분 시 국고보조 지원 제외

어선원보험의 보험급여는 어선원의 부상, 질병, 상해, 사망 발생 시 지급합니다. 

(요양급여) 직무 상 : 치유 시 / 직무 외 : 3개월 이내
(부상 및 질병 급여) 직무상 : 4개월 이내 통상임금의 100%, 4개월 이후 통상임금의 70% / 직무외 : 3개월 이내 통상임금의 70%
(일시보상급여) 직무상 재해로 요양개시 2년 이내 치유되지 않을 경우 제1급 장해등급 1,474일분에 해당하는 급여 지급 후 보상책임 종료
(장해급여) 장해등급에 따라 승선평균임금의 1,474일분(1급)~55일분(제14급)
(유족급여) 직무상 : 승선평균임금의 1,300일분 / 직무외 : 승선평균임금의 1,000일분
(장례비) 사망 시 승선평균임금의 120일분
(행방불명급여) 1개일 이상 행방불명 시 통상임금의 1개월분과 승선평균임금의 3개월분
(소지품유실급여) 승선 중 재해로 소지품 분실 시 통상임금의 2개월 범위 내 소지품 가액상당액

어선보험의 주계약은침몰, 좌초, 충돌, 화재, 손상 등 어손 사고 시 급여를 지급합니다. 

(전손보험금) 어선 전손 시 가입금액 전액보상
(분손보험금) 선체, 기관, 의장품별 전손시 체결단위별 보험가입금액 보상 / 선체, 기관 분손 시 체결단위별 손해액에 보험가입비율을 곱하여 보상
(충돌손해보험금) 충돌로 다른 선박에 손해발생 시 법률상 배상책임을 부담하여 입은 손해
(임의구조비,손해방지비용) 사고발생 시 손해방지소요비용과 타인에게 지급할 임의구조비용을 보상
(해양오염방제비용) 어선의 사고로 유류 등의 유출로 인해 해양 오염 확산을 방지하기 위한 비용 보상

어선 보험의 특약은 피격포획나포억류, 어구, 어획물보상, 충돌에의한 인명손해배상책임, 보험계약종료일연장, 기관내적단독사고, 자기부담금보상에 대해 지원합니다.",1588-4119,,,,,9,12,5,6
WLF00000043,보상금,국가보훈부 보상정책과,"아래 대상자에 대하여지원합니다. 

독립유공자 및 그 유족
전상군경, 공상군경, 재일학도의용군인, 4.19혁명 부상자, 특별공로상이자
- 위 대상자가 사망할 경우, 그 유족 중 선순위자 1명
※ 상이원인사망 유족보상금 제도폐지로 2012.7.1.이후 등록신청 또는 재판정신검을 신청판정받은 경우,  7급유족은 보상금 비대상이며, 6급유족은 상이원인사망여부와 관계없이 6급비상이사망유족 보상금으로 지급
전몰군경, 순직군경, 4.19혁명사망자 및 특별공로순직자유족 중 선순위자 1명
재해부상군경- 위 대상자가 사망할 경우 6급 이상으로 판정된 사람의 유족 중 선순위자 1명
재해사망군경 유족 중 선순위자 1명","



지원대상의 내용을 참고해주시기 바랍니다.

","독립유공자 본인에게 다음과 같이 보상금을 지급합니다. 

건국훈장 1~3등급 : 6,846,000원
건국훈장 4등급 : 3,645,000원
건국훈장 5등급 : 2,882,000원
건국포장 : 2,065,000원
대통령표창 : 1,357,000원

독립유공자의 유족에게는 다음과 같이 보상금을 지급합니다. 

건국훈장 1~3등급 : 배우자 3,033,000원, 기타유족 2,626,000원
건국훈장 4등급 : 배우자 2,234,000원, 기타유족 2,188,000원
건국훈장 5등급 : 배우자 1,819,000원, 기타유족 1,777,000원
건국포장 : 배우자 1,278,000원, 기타유족 1,268,000원
대통령 표창 : 배우자 864,000원, 기타유족 847,000원

국가유공자 중 상이군경 등은 다음과 같이 보상금을 지급합니다. 

1급 1항 : 3,506,000원
1급 2항 : 3,306,000원
1급 3항 : 3,165,000원
2급 : 2,814,000원
3급 : 2,630,000원
4급 : 2,207,000원
5급 : 1,828,000원
6급 1항 : 1,668,000원
6급 2항 : 1,535,000원
6급 3항 : 1,031,000원
7급 : 568,000원

국가유공자 중 재일학도의용군인에게는 1,535,000원을, 4.19혁명 공로자에게는 401,000원을 지급합니다.
국가유공자 중 군경유족 등에게 다음과 같이 보상금을 지급합니다. 

배우자
 - 전몰/순직 : 1,847,000원
 - 상이1~5급 : 1,601,000원 - 6급비상이/7급상이 사망 : 588,000원
부모
 - 전몰/순직 : 1,815,000원
 - 상이1~5급 : 1,575,000원 - 6급비상이/7급상이 사망 : 557,000원
25세 미만의 자녀
 - 전몰/순직 : 2,142,000원
 - 상이1~5급 : 1,859,000원 - 6급비상이/7급상이 사망 : 848,000원

보훈보상대상자에게는 2012년 7월 이후에 등록한 국가유공자 보상금의 70%를 지급합니다.","거주지 읍/면/동 주민센터, 보훈(지)청에서 ‘서비스 신청’",,,,,9,12,5,6
WLF00000044,생활안정자금(융자),고용노동부 퇴직연금복지과,"저소득 근로자 등의 혼례장례 등 사유 발생 시 필요한 생활자금을 저리로 융자하여 생계안정에 기여합니다.* (융자항목) 혼례비, 의료비, 장례비, 부모요양비, 자녀양육비, 자녀학자금, 소액생계비, 임금감소 생계비 
융자항목별 신청대상은 다음과 같습니다.

(의료비혼례비장례비 부모 요양비자녀 학자금자녀양육비)
 신청일 현재 소속 사업장에 3개월 이상 근로중(단, 일용근로자는 신청일 이전 90일 이내에 고용보험 근로내용 확인신고서에 따른 근로일수가 45일 이상인 경우)
 월평균 소득이 3인가구 기준 중위소득 3분의 2 이하인 근로자* 비정규직 근로자는 소득 요건 적용하지 않음
(임금감소생계비)
 신청일 현재 소속사업장에 6개월 이상 근로중
 소속 사업장의 경영상 이유에 의한 조치로 3개월 이상 소득이 감소하고, 신청일 이전 3개월 간의 월 평균소득이 30%이상 감소 융자신청일 이전 3개월간의 월 평균소득이 3인가구 기준 중위소득이 3분의2에 해당하는 금액의 70% 이하인 근로자
(소액생계비)
 신청일 현재 소속사업장에 3개월 이상 근로 중(건설일용근로자는 신청일 이전 180일 이내 고용보험 근로내용 확인신고서에 따른 근로일수가 45일 이상인 경우)
 개인사정, 계절사업 등의 이유로 월소득이 직전달에 비해 30% 이상 감소  임금이 감소한 융자 대상 월 소득이 3인가구 기준 중위소득의 3분의2에 해당하는 금액의 70% 이하인 근로자","



항목별 배점기준에 따른 종합점수를 산정하여 높은 순으로 선발합니다. 

(항목)융자종류, 월평균소득, 가계종합소득, 사업장 규모, 업종
(소액생계비)감소된 후 월소득이 낮은 근로자, 소득 감소비율이 큰 근로자 순으로 우선 선발


","각 항목별 융자한도는 다음과 같습니다.
- 혼례비: 1,250만원
- 의료비, 장례비: 1,000만원
- 부모요양비: 1,000만원 ((조)부모 1인당 연 500만원)
- 자녀학자금: 1,000만원 (1자녀당 연 500만원)
- 자녀양육비: 1,000만원 (1자녀당 연 500만원)
- 소액생계비: 200만원
- 임금감소 생계비: 1,000만원 (감소임금 내)
* 2종류 이상 융자신청시 1인당 2,000만원 한도
융자금리 연 1.5%, 1년거치 3년/4년 균등분할상환 중 선택 가능합니다.(단, 소액생계비는 1년거치 1년 균등분할상환)
근로복지공단 근로자신용보증지원제도를 이용하여 보증합니다.(신용보증료 연 0.9% 별도부담)",1588-0075,,,,,9,12,5,6
WLF00000045,중증장애인 지역맞춤형 취업지원 사업,고용노동부 장애인고용과,비경제활동 또는 실업상태의 중증장애인을 지원합니다.,"



「장애인고용촉진 및 직업재활법」상 중증장애인이고, 참여 신청일 기준으로 고용보험 미가입인 자를 지원 합니다. 

서비스 대상은「장애인복지법」상 심한 장애를 가진 자가 아닌 「장애인고용촉진 및 직업재활법」상 중증장애인을 말함


","동료상담, 자조모임 등 동료지원 활동을 통한 취업 연계 서비스를 제공합니다.",담당 시/군/구청 또는 시도에서 공모 선정된 수행기관에서 대상자에게 서비스 제공,,,,,9,12,5,6
WLF00000046,공공(임대)주택신재생에너지지원(구 보금자리주택신재생보급),산업통상자원부 재생에너지산업과,"공공(임대)주택을 대상으로 합니다.* 「공공주택 특별법」제2조제1호 가목의 주택으로, 「공공주택 특별법 시행령」 제2조 제1항 제1호와 제2호에 따른 임대조건으로 임대하는 주택  
국가 및 지방자치단체 소유 건물은 제외합니다.","



지원대상의 내용을 참고해주시기 바랍니다.

","신재생에너지(태양광, 태양열, 지열, 연료전지, 소형풍력 등) 설비 설치비용의 일부를 지원합니다.",1855-3020,,,,,9,12,5,6
WLF00000047,고혈압·당뇨병 등록관리사업,질병관리청 만성질환예방과,"지역사회 30세이상 고혈압, 당뇨병 환자를 대상으로 합니다.
해당사업은 지역특화 사업으로, 현재 일부 지역에서만 시행하고 있습니다.- 사업지역 : 서울(성동구), 광주(광산구), 울산(중구), 세종(세종시), 경기(광명시, 남양주시, 안산시, 부천시, 하남시), 강원(동해시, 홍천군), 전북(진안군), 전남(목포시, 여수시, 장성군), 경북(경주시, 포항시), 경남(사천시), 제주(제주시)","



선정기준은 지원대상의 내용을 참고해주시기 바랍니다.

","환자 본인부담금 및 병원 등록비 일부를 지원합니다.
고혈압당뇨병 등록교육센터 운영을 통해 교육, 상담 서비스를 제공합니다.
개인별 진료정보를 전화, (전자)우편, SMS, ACS 등을 통해 본인에게 제공하는 리콜 리마인더 서비스를 제공합니다.",담당 시/군/구청 또는 참여의원에서 서비스 제공 이후 대상자의 상황 관리,,,,,9,12,5,6
WLF00000048,국가유공자등대부지원,국가보훈부 생활안정과,"대부 대상자는 다음과 같습니다.

「독립유공자 예우에 관한 법률」적용대상자
- 독립유공자
- 독립유공자의 유족 중 보상금을 받는 자
- 독립유공자의 유족 중 보상금을 받는 자가 없는 경우에는 법 제5조제1항 각 호의 규정에 의한 선순위자
* 단, 유족 중 같은 순위자가 2명 이상인 경우는 법 제13조제2항의 규정을 준용
- 독립유공자의 유족인 자녀 중 법 제14조의5에 따라 생활지원금을 받는 자
「국가유공자 등 예우 및 지원에 관한 법률」적용대상자
- 국가유공자
- 국가유공자의 유족 중 보상금을 받는 자
- 국가유공자의 유족 중 보상금을 받는 자가 없는 경우에는 법 제5조제1항 각 호의 규정에 의한 선순위자
* 단, 유족 중 같은 순위자가 2명 이상인 경우는 법 제13조제2항의 규정을 준용- 기타 위 법률에 따라 대부 대상자로 규정된 자
「5.18민주유공자예우 및 단체설립에 관한 법률」적용대상자
- 5.18민주유공자
- 5.18민주유공자의 유족 중 1명. 이 경우 그 대상자는 법 제5조제1항 각 호의 규정에 의한 선순위자
* 단, 유족 중 같은 순위자가 2명 이상인 경우는 동법시행령 제6조제1항의 규정을 준용- 기타 5.18민주화운동희생자
「특수임무유공자 예우 및 단체설립에 관한 법률」적용대상자
- 특수임무유공자
- 특수임무유공자의 유족 중 1명. 이 경우 그 대상자는 법 제4조제1항 각 호의 규정에 의한 선순위자* 단, 유족 중 같은 순위자가 2명 이상인 경우는 동법시행령 제6조제2항의 규정을 준용
「보훈보상대상자 지원에 관한 법률」적용대상자 (12.7.1.시행)
- 재해부상군경 및 재해부상공무원
- 재해사망군경 및 재해사망공무원의 배우자 - 재해부상군경 및 재해부상공무원이 사망한 경우 그 배우자","



대부종류별 지원요건은 다음과 같습니다.

(주택구입(신축)/주택임차) 본인, 배우자 및 주민등록상 동거하는 직계 존/비속(그의 배우자 포함) 모두가 신청일 현재 주택이 없는 가구* 주택구입(신축)의 경우 부부공동명의로 소유권 등기를 한 경우에도 본인의 지분(50%이상)을 담보로 대부지원 가능
(아파트분양/아파트임대) 아파트 분양 또는 임대 대상 결정자 중 희망자
(농토구입) 본인명의(배우자 공동명의 포함) 농토(전/답/과수원) 구입예정자로 본인 및 직계존/비속이 해당지역에서 직접 영농에 종사하는 경우
- 수권자가 아닌 배우자 또는 직계 존/비속이 농업에 종사하고 있는 경우에도 인정하되, 직계 존/비속의 경우 수권자(그의 배우자)의 주민등록표에 1년 이상 등재되어 있는 경우에만 인정* 국가보훈부에서 지원(위탁대부 포함)하는 대부금으로 취득하는 부동산에 대해서 취득세 감면혜택 부여
(사업) 소규모 사업을 운영하고 있거나 신규로 사업을 운영하고자 하는 본인 및 배우자(법인사업자는 제외), 신규 또는 기존의 개인택시 사업자의 경우 차량 구입비/차고 시설비 등의 소요자금 지원 가능- 수권자가 아닌 배우자 또는 직계 존/비속이 사업을 운영할 경우에도 인정하되, 직계 존/비속의 경우 수권자(그의 배우자)의 주민등록상 1년이상 등재되고 수권자를 부양하는 경우에 한하여 인정
(생활안정) 재해복구비, 의료비, 경조비 등으로 긴급가계자금이 필요한 자


","주택 구입(아파트 분양)임차(아파트 임대)개량, 농토 구입, 사업 운영 및 생활안정자금을 연이율 3.0~4.0%의 저금리로 대출해 드립니다.
 - (한도액) 대부 종류별로 300만~8,000만 원 - (상환기간) 3~20년",1577-0606,,,,,9,12,5,6
WLF00000049,에너지 취약계층 고효율조명기기 무상교체 지원(취약계층 에너지복지사업),산업통상자원부 에너지효율과,"(저소득층)「국민기초생활보장법」제7조(급여의 종류)에 따른 생계의료주거교육 급여 수급권자의 가구 및 차상위계층에게 지원합니다.
(사회복지시설)「사회복지사업법」제34조(사회복지시설의 설치)에 따라 설치.운영하는 시설에 지원합니다.","



사업 주관기관(지방자치단체)에서 지원 가구(시설)를 선정합니다.
지원 제외 기준은 다음과 같습니다. 

시설건축년도가 5년이 경과하지 않은 시설
전기시설 리모델링 계획 또는 이전계획이 있는 시설
최근 5년 이내 교체한 조명(국비, 지방비, 자비, 후원 등)
기타 해당 가구(시설)의 조명을 교체할 경우, 자원의 낭비가 발생할 경우


","저효율 조명기기(백열전구, 형광등, 다운라이트 등)를 고효율 조명기기(LED)로 교체합니다. ※ 교체비용 100% 무상지원(조명 교체 공사 포함)",02-6913-2140,,,,,9,12,5,6
WLF00000050,무공영예수당,국가보훈부 보상정책과,"60세 이상 무공수훈자 본인을 대상으로 지원합니다.

무공훈장(태극, 을지, 충무, 화랑, 인헌)을 받은 사람

단, 전상군경, 공상군경, 6.25재일학도의용군인, 국가유공자에 준하는 군경(상이를 입은 자에 한함), 재해부상군경의 자격으로 보상금을 받거나 참전명예수당을 지급받는 때에는 본인이 무공영예수당과 보상금, 참전명예수당 중 하나를 선택합니다.","



지원대상의 내용을 참고해 주시기 바랍니다.

","무공훈장 훈격에 따라 아래와 같이 차등 지급합니다. 

인헌 : 월 480,000원
화랑 : 월 485,000원
충무 : 월 490,000원
을지 : 월 495,000원
태극 : 월 500,000원",1577-0606,,,,,9,12,5,6
WLF00000051,고엽제환자2세수당,국가보훈부 보상정책과,"고엽제후유증 2세환자를 대상으로 지원합니다.

「고엽제후유의증 환자지원 등에 관한 법」 제4조와 제7조제5항에 따라 고엽제후유증환자로 결정(등록)된 자 및 제8조에 따라 이미 사망한 고엽제후유증환자로 인정된 자의 자녀로서 - 월남전에 참전한 날 이후 또는 1967년 10월 9일부터 1972년 1월 31일 사이에 남방한계선 인접지역에서 복무한 날이나 고엽제살포업무에 참가한 날 이후에 잉태되어 출생한 자녀
제5조제3항 각 호의 어느 하나에 해당하는 질병을 얻은 자- 척추이분증(다만, 은폐성 척추이분증은 제외), 말초신경병, 하지마비척추병변","



지원대상의 내용을 참고해 주시기 바랍니다.

","고엽제 후유증 2세 환자의 장애정도에 따라 아래와 같이 지원합니다. 

고도장애 : 월 2,093,000원
중등도장애 : 월 1,626,000원
경도장애 : 월 1,306,000원",1577-0606,,,,,9,12,5,6
WLF00000052,인문100년장학금,교육부 청년장학지원과,"국내 4년제 대학의 인문사회계열 학과(부) 재학생 중, 선발지원 기준을 충족하는우수 학생(1학년, 3학년)을 대상으로 합니다.","



학업성적 및 학생역량을 고려하여 대학이 자체 선발하되, 경제적 수준이 낮을수록 가점을 부여합니다.

전공 탐색 유형(대학생 1학년): 경제적 수준, 학업성적, 전공분야 우수성, 성장가능성 등을 평가할 수 있도록 대학 자체선발기준 수립
전공 확립 유형(대학생 3학년): 학업성적(60%) + 경제적 수준 및 학생역량(40%) 비중으로 대학 자체선발기준을 수립하되, 기본자격 요건*(성적 및 이수학점 기준) 충족 필요* 기본자격 요건 : 직전학기까지의 총 평균성적이 백분위 90점 이상 또는 평점 3.6이상/4.5만점(3.4이상/4.3만점), 취득 이수학점이 소속대학 졸업이수학점의 40% 이상


","(전공 탐색 유형)
- (지원대상) 사업 참여 대학의 인문사회계열 학과(부) 1학년 재학생
- (지원금액) I 유형 : 등록금(전액), 생활비 학기당 250만 원 / II 유형 : 등록금(전액)
* 기초생활보장 수급자는 생활비 학기당 250만 원 추가 지원
- (지원기간) 최대 4년(정규 8학기)
(전공 확립 유형)
- (지원대상) 사업 참여 대학의 인문사회계열 학과(부) 3학년 재학생
- (지원금액) I 유형: 등록금(전액), 생활비 학기당 250만 원 / II 유형: 등록금(전액)
* 기초생활보장 수급자는 생활비 학기당 250만 원 추가 지원
- (지원 기간) 최대 2년(정규 4학기)",담당 시/군/구청 또는 한국장학재단 홈페이지에서 서비스 제공 이후 대상자의 상황 관리,,,,,9,12,5,6
WLF00000053,풍수해보험료 지원,행정안전부 재난보험과,"주택(소유자세입자), 온실 소유자, 소상공인의 상가 및 공장(소유자 및 세입자) 대상 풍수해보험 보험료를 지원합니다.

(지원대상 목적물) 주택(동산 포함), 온실(비닐하우스 포함), 소상공인의 상가 및 공장
(대상재해) 태풍, 홍수, 호우, 강풍, 풍랑, 해일, 대설, 지진","



지원대상의 내용을 참고해 주시기 바랍니다.

","풍수해보험 가입자가 부담하여야 하는 보험료의 일부를 국가 및 지자체에서 지원합니다. (총 보험료의 52.5~100%)

일반(주택, 온실, 소상공인) : 70~71.2%
차상위계층 : 77.5~78.4%
기초생활수급자 : 86.5~87%
자연재해 피해 이력이 있거나 재해취약지역 내 주택에 거주 중인 경제취약계층 : 100%",044-205-5359,,,,,9,12,5,6
WLF00000054,국가보훈대상자 보훈장학금,국가보훈부 생활안정과,"장학금 유형별 신청대상은 다음과 같습니다.

(대학원 장학) 보훈법령에 따라 교육지원을 받는 본인, 배우자, 자녀
- 국가유공자 본인/배우자(순직/전몰자의 배우자)
- 고엽제후유의증환자(수당지급대상자)
- 5/18민주유공자 본인/배우자(사망/행방불명자의 배우자)
- 특수임무유공자 본인/배우자(사망/행방불명자의 배우자)
- 지원대상자 본인/배우자(순직/사망자의 배우자)
- 보훈보상대상자 본인/배우자(사망자의 배우자)
- 전상공상전몰순직재해부상재해사망군경의 자녀(부모가 모두 사망하고 35세 미만인 경우에만 해당)
(특수학교 장학) 보훈법령에 의한 교육지원대상자중 「장애인 등에 대한 특수교육법」에 의한 특수교육대상자로서 특수학교 또는 일반학교에 재학하고 있는 자
(6.25전몰군경자녀 장학) 6.25전몰군경자녀로서 예우법 제16조의3 규정에 의하여 6.25 전몰군경자녀수당을 받는 자의 대학재학 자녀* 수당을 받지 않는 수권 유자녀의 대학 재학자녀 포함","



보훈(가족)장학 시행계획에 따른 우선선발기준에 따라 예산범위내에서 장학대상을 선발합니다.* 보훈(가족)장학 실시계획은 매년 국가보훈부 홈페이지(http://www.mpva.go.kr)에 공고합니다. 
장학금 유형별 신청 자격은 다음과 같습니다.

(대학원장학) 대학원 석박사 과정(연구과정 제외) 재학자로서 직전학기 성적이 90점 이상인자
- 대학원 학칙의 수업연한 범위 내 지원, 동일학위 과정 상관없이 수업연한 범위 내 장학금 지원
* 신청 자격제외 (2022년 기준)
- (대학원) 정규학기 첫학기, 해당과정 수업연한 초과자, 해외유학과정
(특수학교 장학) 「장애인 등에 대한 특수교육법」에 따른 특수교육을 받는 교육지원대상자* 일반학교의 특수학급 재학자 포함 
(6.25전몰군경자녀 장학) 6.25전몰군경자녀로서 예우법 제16조의3 규정에 의하여 6.25 전몰군경자녀수당을 받는 자의 대학재학 자녀* 수당을 받지 않는 수권 유자녀의 대학 재학자녀 포함 

국가유공자와 경합자로서 자녀가 이미 교육지원을 받고 있는 경우 지원에서 제외합니다.

","학비가 면제되지 않는 대학원에 재학하는 국가 유공자 중 성적 우수자에게 장학금을 지급합니다.
국가 유공자 자녀 중 장애 등으로 인한 특수학교 재학자에게 장학금을 지급합니다.
6.25전몰군경유자녀의 대학에 재학중인 자녀에게 장학금을 지급합니다.",1577-0606,,,,,9,12,5,6
WLF00000055,통합문화이용권,문화체육관광부 문화정책과,"6세 이상(2018.12.31. 이전 출생자)의 기초생활수급자 및 차상위계층을 지원합니다. 

기초생활수급자
- 생계의료주거교육급여 수급자
 - 조건부 수급자- 보장시설 수급자
차상위계층
- 차상위자활근로자
- 장애수당 수급자
- 장애아동수당 수급자
- 장애인연금 부가급여 수급자(차상위초과자 제외)
- 본인부담경감대상자
- 저소득한부모가족
- 차상위계층확인서발급자(구 우선돌봄차상위) - 교육급여 수급자(학생) 외 나머지 가구원","



지원대상의 내용을 참고해 주시기 바랍니다.

","문화예술 향휴, 국내 여행, 체육 활동 시 사용할 수 있는 통합문화이용권(문화누리카드)을 발급하여 개인당 연간 13만원을 지원합니다.",1544-3412,,,,,9,12,5,6
WLF00000056,의료급여(요양비),보건복지부 기초의료보장과,수급권자가 긴급하거나 그 밖의 부득이한 사유로  의료급여 기관과 동일한 기능을 수행하는 기관에서  질병･부상･출산 등에 대하여 의료급여를 받거나 의료급여기관 외의 장소에서 출산을 한 때에 그 의료급여에 상당하는 금액을 수급권자에게 요양비로 지급합니다.,"



요양비(출산비를 제외한 협의의 요양비) 지급 요건은 다음과 같습니다.


(질병 부상 출산 요양비) 의료급여기관을 이용할 수 없거나 의료급여기관이 없는 사유로 인하여 질병부상출산(사산의 경우로서 임신 16주 이상인 경우를 포함)에 대하여 요양을 받은 경우
(자동복막투석(복막관류액 등)) 만성신부전환자가 의사의 처방전에 따라 자동복막투석 시 사용되는 복막관류액 또는 소모성재료를 의료급여기관 외의 의약품 판매업소에서 구입 사용한 경우
(당뇨병 소모성 재료) 당뇨병 환자가 의사의 처방전에 따라 혈당검사 또는 인슐린주사에 사용되는 소모성 재료를 의료급여기관 외의 의료기기 판매업소에서 구입 사용한 경우
(당뇨병 관리기기)제1형 당뇨병환자가 의사의 처방전에 따라 당뇨병에 사용되는 관리기기(연속혈당 측정기, 인슐린 자동주입기)를 의료급여기관 외의 의료기기 판매업소에서 구입사용한 경우
(자가도뇨 소모성 재료) 신경인성 방광환자가 의사의 처방전에 따라 자가도뇨에 사용되는 소모성 재료를 의료급여 기관 외의 의료기기판매업소에서 구입사용한 경우
(산소치료) 산소치료를 필요로 하는 환자가 가정에서 의사의 산소처방전에 의하여 보건복지부 장관이 정하여 고시하는 방법으로 가정에서 산소치료를 받는 경우
(인공호흡기 대여서비스 등) 인공호흡기를 필요로 하는 환자가 의사의 처방전에 따라 건강보험공단에 등록된 업소에서 인공호흡기 치료 서비스를 제공받는 경우
(기침유발기) 인공호흡기 사용하는 사람 중 기침유발기를 필요로 하는 환자가 의사의 처방전에 따라 건강보험공단에 등록된 업소에서 기침유발기 서비스를 제공받는 경우
(양압기)양압기를 필요로 하는 환자가 의사의 처방전에 따라 건강보험공단에 등록된 업소에서 양압기 서비스를 제공받는 경우


","요양비 지급 범위는 다음과 같습니다.
- 질병, 부상, 출산 요양비
- 자동복막투석에 사용되는 복막관류액 또는 소모성 재료비
- 산소 치료
- 당뇨 소모성 재료
- 당뇨병 관리기기
- 자가도뇨 소모성 재료(간헐적 도뇨 카테터)
- 인공호흡기 대여서비스 등
- 기침유발기
- 양압기",129,,,,,9,12,5,6
WLF00000057,공공분양,국토교통부 공공주택정책과,"입주자모집공고일 현재 해당 주택건설지역(특별시광역시특별자치시특별자치도 또는 시군의 행정구역을 말함)에 거주하는 무주택세대구성원으로서
해당 세대의 소득 및 보유자산(토지, 건물 및 자동차)이 국토교통부장관이 정하는 기준 이하인 자","



공급유형별로 다음의 소득기준을 충족하여야 합니다.

(일반공급)
- (전용면적 60㎡ 이하) 공공분양 및 분양전환공공임대주택 : 전년도 도시근로자 가구당 월평균소득 100% 이하
- (그 외 주택) 소득기준 없음
※ 해당 연도별 적용 금액은 입주자모집공고문을 참고
(특별공급)
- (생애최초 특별공급) 전년도 도시근로자가구 평균소득 130% 이하
※ 70%를 월평균 소득 100% 이하에 우선 공급
- (신혼부부 특별공급) 전년도 도시근로자가구 평균소득 130% 이하 (다만, 맞벌이부부는 140%)
※ 70%를 월평균 소득 100% (맞벌이의 경우 120%) 이하에 우선 공급
- (노부모부양 특별공급) 전년도 도시근로자가구 평균소득 120% 이하
- (다자녀 특별공급) 전년도 도시근로자가구 평균소득 120% 이하
- (그 외 공급유형) 소득기준 없음

공급유형별로 다음의 자산기준을 충족하여야 합니다.

(일반공급) 분양전환공공임대주택 및 전용면적 60㎡ 이하 공공분양에 아래 자산기준을 적용
- (자산(토지 및 건축물)) 국민건강보험 보험료 산정방법에서 정한 재산등급 25등급에 해당하는 재산금액의 상한과 하한을 산술평균한 금액 이하
- (자동차) 3,500만원에 전년도 운송장비 소비자물가지수를 곱하여 산정한 금액 이하
※ 해당 연도별 적용 금액은 입주자모집공고문을 참고 
(특별공급) 신혼부부, 생애최초, 노부모부양, 다자녀가구 특별공급에 아래 자산기준을 적용
- 자산(토지 및 건축물) : 국민건강보험 보험료 산정방법에서 정한 재산등급 25등급에 해당하는 재산금액의 상한과 하한을 산술평균한 금액 이하
- 자동차 : 3,500만원에 전년도 운송장비 소비자물가지수를 곱하여 산정한 금액 이하
※ 해당 연도별 적용 금액은 입주자모집공고문을 참고
(그 외 공급유형) 자산기준 없음


","(공공분양) 국토교통부 장관이 정한 소득 및 자산기준을 만족하는 무주택세대구성원에게 1세대 1주택 기준으로 공공분양주택 공급
(분양전환공공임대(5년,10년)) 국토교통부 장관이 정한 소득 및 자산기준을 만족하는 무주택세대구성원에게 1세대 1주택 기준으로 임대의무기간(5년, 10년) 임대 후 분양전환되는 공공임대주택 공급",1600-1004,,,,,9,12,5,6
WLF00000058,소상공인지원(융자),중소벤처기업부 기업금융과,"「소상공인 보호 및 지원에 관한 법률」 제2조의 소상공인을 대상으로 합니다.- 상시근로자 5인 미만인 업체. 단 제조업, 건설업, 운송업, 광업은 상시근로자 10인 미만 
다음 업종에 대해서는 융자 지원을 제외합니다.- 유흥 향락 업종, 불건전 업종, 기타 국민보건 및 건전문화에 반할 우려가 있다고 중소벤처기업부장관이 지정한 업종","



지원대상의 내용을 참고해주시기 바랍니다.

","소상공인 경영안정자금 지원요건은 다음과 같습니다.

(대출금리) 정책자금 기준금리 + 0.6%P
(대출한도) 업체당 7천만원
(대출기간) 5년 이내(2년 거치 포함)",1357,,,,,9,12,5,6
WLF00000059,희망복지지원단 통합사례관리사업,보건복지부 지역복지과,"기초수급자 및 차상위 계층 등 빈곤층을주요 대상으로 하되, 다양한 복지수요를 가진 지역주민도 지원 대상에 포함합니다.","



다음에 해당하는 가구를 선정하여 서비스를 지원합니다. 

통합사례관리를 통해 탈빈곤, 자활 지원 가능 가구(기초생활수급자 중 특히 신규수급자, 기초수급 탈락자 등)
차상위 빈곤가구, 특히 긴급지원 대상가구 및 국민기초생활수급자자격 탈락 가구 중 통합사례관리를 통해 빈곤예방 지원 가능 가구
지자체 복지사각지대 조사를 통해 발굴된 위기가구* 중 통합사례관리가 필요한 가구 * 위기가구: 청중장년 1인가구, 돌봄위기가구, 저소득 한부모 및 청소년 한부모 가구, 휴폐업자, 실직자, 자살 고위험군 등


","대상자별 욕구에 따라 다음의 다양한 서비스를 맞춤형으로 제공합니다.
 

가족 내외부로부터 안전 유지
신체적, 정신적 건강 유지
의식주 관련 일상생활 유지
가족 돌봄
기초생활 해결
고용 유지
주거 내외부 환경 개선
법률적 지원 및 권익 보장",담당 시/군/구청 또는 읍면동 주민센터에서 대상자에게 서비스 제공,,,,,9,12,5,6
WLF00000060,청년내일저축계좌,보건복지부 자립지원과,"연령소득기준가구소득가구재산 4가지를 모두 총족한 청년을 지원합니다. 

(가입연령)- 신청 당시 만 19세~만 34세(신청 월의 전월에 만 19세가 된 자~신청 월에 만 35세가 되는 자)
- 단, 수급자차상위자기준 중위소득 50%이하자는 만 15세~만39세까지 허용(신청 월의 전월에 만 15세가 된 자~신청 월에 만 40세가 되는 자) 
(근로사업소득) 현재 근로활동 중이며,근로사업소득이 월 50만원 초과～월 220만원 이하 * 단, 기초생활수급자차상위계층기준 중위소득 50%이하 자는 현재 근로활동 중이며 근로,사업소득이 월10만원 이상 발생
(가구소득) 소득인정액 기준 중위소득 100% 이하
(가구재산) 대도시 3.5억원, 중소도시 2억원, 농어촌 1.7억원 이하","



지원대상의 내용을 참고해주시기 바랍니다.

","매월 본인 저축 납입자에 한하여 본인저축액 10만원 이상(매월 전월 23일~현월 22일 입금마감일 이전) 대비 정부지원금을 정액 매칭합니다.

중위소득 50%초과~100%이하 : 10만원 정액 매칭
중위소득 50%이하 : 30만원 정액 매칭

3년간 통장유지, 근로활동 지속, 교육이수, 자금사용계획서 제출시 적립금 전액을 지급합니다.
정책대상별 추가지원금(근로소득공제금(생계급여 수급 청년), 탈수급장려금, 내일키움장려금, 내일키움수익금 등) 지급이 가능합니다.",1522-3690,,,,,9,12,5,6
WLF00000061,의료급여임신.출산진료비지원,보건복지부 기초의료보장과,의료급여 수급자 중 임신 중이거나 출산(유산 및 사산 포함)한 수급권자 및 출생일로부터2세 미만의 자녀를 지원합니다.,"



선정기준은 지원대상의 내용을 참고해주시기 바랍니다.

","임신출산 진료비로 100만원을 지원합니다(쌍둥이 이상 다태아일 경우 140만원). 

임신과 출산에 관련된 진료를 편리하게 받기 어려운 분만취약지역에 계속하여 30일 이상 거주하는 경우 20만원 추가 지원됩니다.

임신출산 진료비 추가금 지급 대상 지역은 다음과 같습니다.
- 인천 : 옹진군
- 경기 : 양평군
- 강원 : 평창군, 정선군, 화천군, 인제군
- 충북 : 보은군, 괴산군
- 충남 : 청양군
- 전북 : 진안군, 무주군, 장수군
- 전남 : 보성군, 장흥군, 함평군, 완도군, 진도군, 신안군
- 경북 : 군위군, 의성군, 청송군, 영양군, 영덕군, 청도군, 봉화군, 울릉군
- 경남 : 의령군, 남해군, 함양군, 합천군
* 분만취약지 지정은 분만산부인과 개설 완료 해당 월(月)까지로 한함.",129,,,,,9,12,5,6
WLF00000062,기존주택등 매입임대주택 지원사업,국토교통부 주거복지지원과,"'일반 매입임대주택' 입주 대상자는 다음과 같습니다.
(1순위)
- 생계의료급여 수급자, 한부모가족, 수급권자 및 차상위계층 중 최저주거기준에 미달하거나 소득 대비 임차료 비율이 30%이상인 자
- 「국민기초생활보장법」 제2조제1호 또는 제10호에 해당하는 65세 이상인 자
- 장애인등록증이 교부된 자 중 전년도 도시근로자 가구당 월평균 소득의 70% 이하인 자
(2순위)
- 전년도 도시근로자 가구당 월평균 소득 50% 이하(영구임대주택 자산 기준 이하)인 자
- 장애인등록증이 교부된 자 중 전년도 도시근로자 가구당 월평균 소득 100% 이하(영구임대주택 자산 기준 이하)인 자
(3순위) 전년도 도시근로자 가구당 월평균 소득 70% 이하인 자로서 시장 등이 선정하는 자
'청년 매입임대주택' 입주 대상자는 다음과 같습니다.
(1순위)
- 「국민기초생활보장법」 제7조에 따른 생계, 주거, 의료급여 중 어느 하나에 해당하는 급여를 받는 수급자의 가구
- 「한부모가족지원법」 시행규칙 제3조에 따라 여성가족부장관이 정하는 기준에 해당하는 한부모가족
- 「국민기초생활보장법」 제2조제10호에 해당하는 가구
(2순위)
- 본인과 부모의 월평균 소득이 전년도 도시근로자 가구당 월평균 소득 100% 이하이고
- 본인과 부모의 자산이 규칙 제13조제2항에 따라 국토교통부장관이 정하는 국민임대주택의 자산기준을 충족하는 청년
(3순위)
- 제1순위 및 제2순위에 해당하지 아니하는 사람 중 본인의 월평균 소득이 전년도 도시근로자 가구당 월평균 소득 100% 이하이고
- 규칙 제13조제2항에 따라 국토교통부장관이 정하는 행복주택(청년)의 자산기준을 충족하는 청년
'신혼부부 매입임대주택Ⅰ' 입주 대상자는 다음과 같습니다.
(1순위) 임신 중이거나, 출산입양하여 자녀가 있는 신혼부부, 예비 신혼부부 및 6세 이하 자녀가 있는 한부모가족
- 임신 : 임신진단서 등으로 확인
- 출산 : 자녀의 기본증명서상 출생신고일 기준으로 확인
- 입양 : 입양신고일 기준으로 확인
- 자녀 : 태아를 포함하며 「민법」상 미성년자로 한정
(2순위) 자녀가 없는 신혼부부, 예비 신혼부부
(3순위) 제1순위와 제2순위에 해당하지 아니하는 사람 중 6세 이하 자녀가 있는 혼인 가구
'신혼부부 매입임대주택Ⅱ' 입주 대상자는 다음과 같습니다.
(1순위) 임신 중이거나 출산입양하여 자녀가 있는 신혼부부, 예비 신혼부부 및 6세 이하 자녀가 있는 한부모가족
(2순위) 자녀가 없는 신혼부부, 예비 신혼부부
(3순위) 제1순위와 제2순위에 해당하지 아니하는 사람 중 6세 이하 자녀가 있는 혼인 가구
(4순위) 혼인가구
'공공전세 주택' 입주자 요건은 다음과 같습니다.- 소득과 자산요건을 적용하지 않고 무주택세대구성원을 대상으로 공급 
'고령자 매입임대주택' 입주 대상자는 다음과 같습니다.
(1순위) 제9조제1항제1호에 해당하는 사람 (일반 매입임대주택 1순위)
(2순위) 제9조제1항제2호에 해당하는 사람 (일반 매입임대주택 2순위)
'다자녀 매입임대주택' 입주 대상자는 다음과 같습니다.
(1순위) 다음 중 어느 하나에 해당하는 사람
가. 「국민기초생활보장법」 제7조에 따른 생계주거의료교육급여 중 어느 하나에 해당하는 급여를 받는 수급자 가구
나. 「국민기초생활보장법」 제2조제10호에 해당하는 가구
(2순위) 제1순위에 해당하지 아니하는 사람* 보다 자세한 지원내용은 ""기존주택등 매입임대주택 업무처리지침"" 참조","



소득 및 자산 기준은 다음과 같습니다.

(소득기준) 통계청 전년도 도시근로자 가구당 월평균 소득 기준 100%
 - (1인 가구) 3,353,884원, (2인 가구) 5,005,376원, (3인 가구) 6,718,198원, (4인 가구) 7,622,056원, (5인 가구) 8,040,492원
※ 6인 이상은 통계청이 발표하는 5인 가구 소득에 1인당 평균금액(661,147원)을 합산
(자동차 가액) 3,683만원
(부동산 가액) 2억 1,550만원


",도심내 최저소득계층이 현 생활권에서 저렴한 주거비 부담으로 거주할 수 있도록 공공주택사업자가 다가구주택 등 기존주택을 매입하여 개보수하거나 개량한 후 임대합니다.,1600-1004,,,,,9,12,5,6
WLF00000063,(북한이탈주민)교육비 지원,통일부 정착지원과,"북한이탈주민 중 보호대상자로, 입학 또는 편입학 당시 만 24세 이하의 중ㆍ고등학생과 만 34세 이하의 대학생의 교육비를 지원합니다.","



중고등학교 지원기준은 다음과 같습니다. 

(연령조건) 만 24세 이하
(학력조건) 고등학교 이하의 학교에 입학 또는 편입학한 중고등학생







일반대학(4년제)과 교육대학 지원기준은 다음과 같습니다. 

(연령조건) 만 34세 이하(만 35세 미만)
(학력조건) 국내 고등학교 졸업 또는 고졸 이상의 학력을 인정 받은 날로부터 5년 이내에 입학 또는 편입학한 북한이탈주민







전문대사이버대평생교육시설 지원기준은 다음과 같습니다. 

(연령조건) 없음
(학력조건) 국내 고등학교 졸업 또는 고졸 이상의 학력을 인정 받은 날로부터 5년 이내에 입학 또는 편입학한 북한이탈주민
※ △산업대학기술대학전문대학원격대학 및 이에 준하는 각종학교 △평생교육법에 의하여 학력과 학위가 인정되는 평생교육시설 △학점인정 등에 관한 법률에 따라서 평가인정을 받은 학습과정을 운영하는 교육훈련기관 △근로자 직업능력 개발법에 따라 학위과정을 운영하는 기능대학을 포함※ 연령산정은 각급 학교에 입학 또는 편입학 날을 기준으로 함







지원제한(사립대학에 한함) 기준은 아래와 같습니다. 

국내에서 4년제 대학 이상을 졸업한 자
직전 학기 평균성적이 100점 만점 중 연속 2회 70점(C학점) 미만인 사람은 당해학기 보조 제한
※ 지원 제외 기간도 지원 기간(6년의 범위에서 8학기)에 포함 ※ 제적/자퇴 이후(동 대학에) 재입학하거나, 타 대학에 신입학 또는 편입학한 경우에도 이전 학교 학업성적을 기준으로 적용


","중고등학교는 학교 자체에서 입학금, 수업료, 학교운영지원비 및 기숙사 사용료를 면제합니다.
국공립대 해당 대학에서 입학금, 수업료 및 기성회비를 면제합니다.
사립대 해당 학교가 보조금지급신청서(입학금, 수업료 및 기성회비)를 남북하나재단에 제출하면, 하나재단에서 50% 지급 보조합니다.
대학 등에서 최초(처음)로 입학 또는 편입학 날로부터 6년의 범위에서 8학기 지원합니다.
 * 의학, 약학, 치의학, 수의학, 한의학 계통은 8년의 범위에서 12학기 지원
 * 타 대학으로 신입학 또는 편입학한 경우, 이전 학교에서 지원받은 학기는 차감하므로 6년의 범위내에서 8학기를 초과한 학기에 대한 등록금은 본인이 부담
 
 ※ 중고등학교, 국립사립대학 등의 입학금은 1회에 한하여 면제보조 ※ 학기제로 운영되지 않는 대학 등에 입학한 경우 20학점을 1학기로 산정",1577-6635,,,,,9,12,5,6
WLF00000064,발달장애인 부모상담지원사업,보건복지부 장애인서비스과,"지적자폐성 장애인으로 등록된자녀의 부모 및 보호자를 지원합니다. 

지적장애 또는 자폐성 장애를 부장애로 가진 경우도 포함
발달장애인 자녀의 부모 동시 지원 가능
우선적으로 부모를 지원하는 것이 원칙이나,발달장애인과 거주를 같이하면서 부모를 대신하여 발달장애인을 돌보는 보호자(2촌 이내)도 이용 가능","



지원대상 선정기타요건은 다음과 같습니다. 

자녀가 영유아(만6세 미만)의 경우, 장애등록이 되어 있지 않더라도 발달장애(지적자폐성)가 의심된다는 발달재활서비스 의뢰서 또는 최근 6개월 이내 발행된 의사소견서(진단서)로 대체 가능
연령은 신청 일을 기준으로 판정하되 대상자로 선정된 후 사업기간 중 만 6세 도래 시에는 만 6세가 되는 달까지 지원

지원제외 대상자는 다음과 같습니다. 

다른 법령(또는 국가 예산)에 따라 발달장애인 부모상담지원 사업과 유사한 서비스를 받고 있는 자
「장애인복지법」 제32조의 2(재외동포 및 외국의 장애인등록)에 따라 장애등록한 외국인(재외동포 포함)


","발달장애인 부모 및 보호자에게 개별, 집단 상담을 제공합니다.
대상자 1인당 12개월 간 지원을 기본으로 합니다.
대상자는 서비스 제공기관과 서비스 제공(이용) 계획 수립을 통해 이용 기간을 결정할 수 있습니다. 

대상자와 서비스 제공인력 상담 실시
심리-정서 검사를 통한 욕구 확인 선행

서비스 이용자에게 서비스 지원연장이 필요하다고 판단되는 경우 1회(최대 12개월)에 한하여 지원 연장 가능합니다. 

단, 대상자의 요청, 상담사 의견, 심리-정서 검사 등 확인 절차 필요

지원 대상자로 선정되어 서비스를 제공 받은 후, 서비스가 종료된 자는 종료일로부터 2년간 서비스 재이용이 불가능합니다. 

단, 연장 이용하지 않은 자 중 지자체의 판단에 따라 예외적으로 필요한 경우에 한하여 종료일로부터 2년 내 1회(최대 12개월) 재이용 가능

지원 대상자로 선정된 후 정당한 사유 없이 2개월 이상 연속 사용하지 않은 경우, 시군구청장은 대상자에게 사전 안내 후 중지 가능합니다. 

사전 안내를 받은 지원 대상자가 정당한 사유를 증명하기 위해서는 소명 자료 첨부하여 결과를 통지받은 날로부터 60일 이내에 이의신청서를 작성하여 읍면동 주민센터 및 시군구청에 제출해야 합니다.
서비스 중지 대상자도 중지일로부터 2년간 서비스 재이용이 불가합니다.",129,,,,,9,12,5,6
WLF00000065,발달장애인 공공후견지원 사업,보건복지부 장애인서비스과,"(등록기준) 만 19세 이상 발달장애인*을 지원합니다. *「장애인복지법」상 지적자폐성 장애인
(욕구기준) 의사결정 지원이 필요한 장애인을 지원합니다.","



지원대상의 내용을 참고해주시기 바랍니다.

","(공공후견 심판청구비용) 심판절차비용을 1인당 최대 50만원까지 실비로 지원합니다. 

예외적으로 50만원을 초과한 금액 소요시 중앙 및 지역발달장애인지원센터의 판단을 통해 지급 가능

(공공후견인 활동비용) 월 20만원, 최대 월 50만원을 지원합니다.

후견법인이 공공후견인이 되는 경우 활동비 동일(단, 상한 제한 없음)",129,,,,,9,12,5,6
WLF00000066,장애인 집합 정보화교육,과학기술정보통신부 디지털포용정책팀,정보화교육이 필요한 장애인을 대상으로 합니다.,"



지원대상의 내용을 참고해주시기 바랍니다.

",장애인 대상 모바일 활용교육 및 ICT 신기술 시범교육 등 수준별 정보화 교육을 제공합니다.,담당 시/군/구청 또는 17개 광역시·도에서 선정한 교육기관(집합 교육)에서 대상자에게 서비스 제공,,,,,9,12,5,6
WLF00000067,의료급여 장애인보조기기 지원,보건복지부 기초의료보장과,의료급여 수급권자 중 ｢장애인복지법｣에 따라 등록한 장애인을 지원합니다.,"



지원대상의 내용을 참고해주시기 바랍니다.

","급여대상 장애인보조기기의 유형, 기준액 및 내구연한에 따라 보조기기 구입비용을 지원합니다.* ｢국민건강보험법｣ 시행규칙 별표7 제2호에 따름 
보조기기 구입지원내용은 다음과 같습니다.

전동휠체어, 전동스쿠터 및 자세보조용구 : 유형별 기준액, 고시금액 및 실구입 금액 중 가장 낮은 금액
그 밖의 보조기기 : 유형별 기준액 및 실구입금액 중 가장 낮은 금액

기금에서 부담하는 금액외의 금액은 수급권자가 전액 부담합니다.
보조기기의 사용에 소요되는 건전지 등 소모품의 구입비용과 수리비용에 대하여는 전동 휠체어/전동스쿠터 장착용 전지를 제외하고 기금에서 부담하지 않습니다.",129,,,,,9,12,5,6
WLF00000068,장애인고용시설장비 융자·지원,고용노동부 장애인고용과,"아래 장애인을 고용하여 사업을 운영하고 있거나 장애인을 고용하여 사업을 운영하고자 하는 모든 사업주를 지원합니다.

「장애인복지법 시행령」 제2조에 따른 장애인 기준에 해당하는 자
「국가유공자 등 예우 및 지원에 관한 법률 시행령」 제14조제3항에 따른 상이등급 기준에 해당하는 자","



신청서 접수 후 지사별 (융자)심사위원회 심사 또는 기술위원 검토를 통해 융자지원 사업주를 결정합니다. * 장애인고용계획 타당성, 투자계획의 타당성 등 심사 

","시설장비융자지원내용은 다음과 같습니다. 

(지원용도) 장애인고용관련 작업시설, 부대시설, 편의시설의 설치, 구입 및 수리 비용
(지원한도) 사업주 당 15억원 이내
(지원조건) 3년 거치 5년 균등분할상환(대출금리 1%), 융자금 1억원 당 장애인 1명을 융자기간(8년) 동안 고용(고용의무인원의 25%는 중증장애인 고용)

시설장비지원 내용은 다음과 같습니다. 

(지원용도) 장애인용 작업장비 및 공구, 편의시설, 통근용 승합차 구입비용
(지원한도) 사업주 당 3억원 이내
(지원조건) 무상지원금 1천만원(중증장애인의 경우, 1,500만원) 당 장애인 1명을 2년간 고용",1350,,,,,9,12,5,6
WLF00000069,양로지원,국가보훈부 복지서비스과,"독립유공자와 보상금 지급대상 선순위유족으로서 부양의무자가 없는 65세 이상 남성 또는 60세 이상 여성을 지원합니다. 

배우자가 60세 이상 남성 또는 55세 이상 여성일 경우 동반 입소가능

국가유공자, 518민주유공자, 특수임무유공자와 그 유족(자녀는 제외) 중 부양의무자가 없는 65세 이상 남성 또는 60세 이상 여성(단, 상이 유공자 본인의 경우 60세 이상 남성 또는 55세 이상 여성)을 지원합니다. 

배우자가 60세 이상 남성 또는 55세 이상 여성일 경우 동반 입소가능

고엽제후유의증환자 중 장애등급판정자, 참전유공자 및 보훈보상대상자 중 부양의무자가 없는 65세 이상 남성 또는 60세 이상 여성을 지원합니다."," 
 
 
 
부양의무자가 없어야 합니다. 
단, 다음에 해당하는 경우에는 부양의무자가 없는 것으로 봅니다. 
 
부양의무자가 「국가유공자 등 예우 및 지원에 관한 법률」 시행령 별표 2의 장애인장애구분표에 해당하는 심신장애가 있는 경우 
부양의무자가 현역병(지원에 의하지 아니한 부사관 및 상근예비역으로 소집된 자, 「병역법」 제2조제1항제10호에 따른 사회복무요원으로 소집된 자, 「병역법」 제24조 및 제25조에 해당하는 자를 포함)으로서 의무복무 기간 중에 있거나 1년 이상 행방불명인 경우 
부양의무자가 「국민기초생활 보장법」 제7조제1항제1호에서 제4호까지에 따른 생계,의료,주거,교육급여 대상자 또는 같은 법 제2조제10호에 따른 차상위계층에 해당하는 경우 
부양의무자가 「해외이주법」 제2조에 따른 해외이주자에 해당하는 경우 
 
 
","양로지원 대상자가 보훈원(양로시설) 입소 이후 사망 또는 퇴소할 때까지 의식주를 제공하고 의료서비스를 지원합니다.
사망 시에는 보훈원 부설 공동묘지(창원묘원)에 안장이 가능합니다.",031-250-1521,,,,,9,12,5,6
WLF00000070,국가유공자등취업지원,국가보훈부 생활안정과,"다음의 대상자에 대해 취업을 지원합니다.

독립유공자 : 본인 및 배우자, 자녀, 손자녀- 독립유공자의 장손인 손자녀가 질병 또는 장애나 고령 등으로 취업이 어려운 경우 그 장손인 손자녀의 자녀 중 1인 
국가유공자, 6.18자유상이자 : 본인 및 배우자, 자녀, (조)부모
- 2012.7.1.이전 등록자로서 사망한 국가유공자의 자녀가 없고 부모만 있는 경우로서 그 부 또는 모가 질병 또는 장애나 고령 등으로 인하여 취업이 어려운 경우에 그 부 또는 모가 지정하는 사망한 국가유공자의 형제자매 중 1인
- 2012.7.1.이전 등록자로서 1953.7.27이전 및 참전유공자 예우에 관한 법률 별표의 규정에 의한 전투 중에 전사 또는 순직한 군경의 자녀가 질병 또는 장애나 고령 등으로 인하여 취업이 어려운 경우에 그 6.25전몰.순직군경 유자녀의 자녀 1인. 단, 전몰.순직군경의 배우자 또는 부모가 1993년 1월1일 이후 보상금을 받은 사실이 있는 경우는 제외
※ 보상체계 개편 관련 2012.7.1이후 등록자인 경우 (조)부모, 상이 7급 판정자의 자녀 및 비상이자(무공.보국수훈자, 4.19혁명공로자, 특별공로자)의 자녀는 취업지원대상에서 제외, 또한 부모 및 유자녀의 지정취업은 폐지 
보훈보상대상자 : 본인 및 배우자
- 재해부상군경 및 재해부상공무원 및 배우자
- 재해사망군경 및 재해사망공무원의 배우자 
5.18민주유공자, 특수임무유공자 : 본인, 배우자, 자녀, (조)부모- 2012.7.1.이전 등록자로서 사망한 5.18민주유공자, 특수임무사망자의 배우자 및 자녀가 없고 부모만 있는 경우로서 그 부 또는 모가 질병 또는 장애나 고령 등으로 인하여 취업이 어려운 경우에 그 부 또는 모가 지정하는 5.18민주유공자 및 특수임무사망자 또는 행방불명자의 형제자매 중 1인 
장애등급판정 고엽제후유의증환자 : 본인, 배우자, 자녀- 장애등급판정 고엽제후유의증환자의 가족(배우자, 자녀)","



채용업체 등으로부터 직종확보 후 취업우선순위 및 채용자격요건 등을 고려하여 채용예정 인원의 5배 범위 내에서 추천하여 선정합니다.

","(보훈특별고용 및 가점취업) 1일 20인(제조업은 200인)이상을 상시 고용하고 있는 공.사기업에 업종별로 고용인원의 3~9% 채용의무 부과
(일반직공무원등 특별채용) 일반직공무원 등(운전, 방호, 위생, 조리 등) 정원이 5명 이상인 국가기관 등에 일반직공무원 등 정원의 18% 의무채용
(가점취업) 기업체, 일반직공무원(6급 이하) 등 채용시험시 취업지원대상자별로 본인 득점에 만점의 5~10% 가점",1577-0606,,,,,9,12,5,6
WLF00000071,여성경제활동 촉진지원(여성새로일하기지원센터 사업),여성가족부 경력단절여성지원과,"혼인, 임신, 출산, 육아와 가족구성원의 돌봄 등을 이유로 경제활동을 중단하였거나 경제활동을 한 적이 없는 여성 중 구직을 희망하는 여성을 지원합니다.","



지원대상의 내용을 참고해주시기 바랍니다.

","취업 상담, 직업교육훈련, 인턴십 및 취업 후 사후관리 등 종합적인 취업서비스를 제공합니다.

(찾아가는 취업지원 서비스) 취업설계사가 구직상담, 구인업체 발굴, 취업알선, 취업 후 직장적응 지원 등 관리
(집단상담 프로그램) 구직자의 취업의욕 고취구직기술 향상, 직업진로지도 등을 위한 집단상담 프로그램 운영
(직업교육훈련) 구직자의 직무역량 향상을 위해 기업체 인력 수요와 여성의 선호직종 등을 고려한 맞춤형 교육과정 운영
(새일여성인턴) 새일센터를 통해 여성을 채용하고 직장적응기회를 제공한 기업과 해당인턴에게 1인당 최대 380만원 지원
(취업연계 및 사후관리 지원) 구인구직자의 취창업연계 및 취업자와 채용기업 대상 고용유지를 위한 사후관리 지원",1544-1199,,,,,9,12,5,6
WLF00000072,에너지바우처,산업통상자원부 자원안보정책과,"소득기준과 세대원의 특성을 모두 충족하는 세대를 지원합니다. 

(소득기준) 「국민기초생활보장법」 상 생계, 의료,주거, 교육('22년 한시적 지원대상) 급여 수급자
(세대원 특성기준) 수급자 본인 또는 주민등록표상의 세대원이 다음 어느 하나에 해당
- (노인) 65세 이상
- (장애인) 「장애인복지법」에 따른 등록 장애인
- (영유아) 만 6세 미만
- (임산부) 「모자보건법」상 임신 중이거나 출산후 6개월 미만인 여성
- (중증질환자) 「국민건강보험법 시행령」에 따른 중증질환「본인일부부담금 산정특례에 관한 기준」 [별표3]을 가진 사람
- (희귀질환자) 「국민건강보험법 시행령」에 따른 희귀질환「본인일부부담금 산정특례에 관한 기준」 [별표4]을 가진 사람
- (중증난치질환자) 「국민건강보험법 시행령」에 따른 중증난치질환「본인일부부담금 산정특례에 관한 기준」[별표4의2]을 가진 사람
- (한부모가족) 「한부모가족지원법」제3조에 따른 모 또는 부로서 아동인 자녀를 양육하는 가정
- (소년소녀가정) 보건복지부에서 정한 아동분야 지원 대상에 해당하는 사람(「아동복지법」제3조에 의한 가정위탁보호 아동을 포함)","



지원대상의 내용을 참고해주시기 바랍니다.

","(지원내용) 여름(7~9월)에는 전기 요금 차감을, 겨울(10월~이듬해4월)에는 전기도시가스지역난방등유연탄LPG 중 한 가지를 선택하여 구입할 수 있는 전자바우처(이용권)를 세대원수에 따라 4단계로 차등 지급합니다.
(지원방법) 에너지바우처는 체크카드, 신용카드, 전용카드(기명식 선불카드와 유사한 형태) 방식의 국민행복카드 사용 방식과 고지서를 통한 자동요금차감 방식으로 지원합니다.",담당 시/군/구청 또는 주민등록상 거주지 읍면동 주민센터에서 서비스 제공 이후 대상자의 상황 관리,,,,,9,12,5,6
WLF00000074,양곡할인,농림축산식품부 식량정책과,"정부양곡의 직접 이용을 목적으로 구입을 희망하는 기초생활수급자 및 차상위계층을 대상으로 합니다.

기초생활수급자(생계, 의료, 주거, 교육)
법정 차상위계층* 법정 차상위계층 지원사업: 차상위계층 건강보험 본인부담 경감, 차상위 장애(아동)수당, 차상위 장애인연금, 차상위 자활근로, 차상위계층 자격확인
「한부모가족지원법」제5조 및 제5조의2에 따른 지원 대상자 가구","



정부양곡 구입을 희망하는 기초생활수급자 및 차상위계층에게지원합니다. * 수급자가 의무적으로 구입하는 것이 아님

","복지용 쌀의 할인을 지원합니다. 

생계급여, 의료급여 수급자는 10kg 1포당2,500원을 개인부담합니다.
주거급여, 교육급여 수급자 및 차상위계층은 10kg 1포당 10,000원을 개인부담합니다.","이의가 있을 경우, 담당 시/군/구청 또는 읍면동 에 이의 신청 접수",,,,,9,12,5,6
WLF00000075,여성기업종합지원센터운영,중소벤처기업부 기업환경정책과,「여성기업지원에 관한 법률」 제2조에 따른 여성기업 및 예비여성창업자를 지원합니다.,"



선정기준은 지원대상의 내용을 참고해주시기 바랍니다.

","여성 전용 창업 보육실 입주를 지원합니다. 

전국 18개 여성기업종합지원센터228개 보육실(2023년 2월 기준)",담당 시/군/구청 또는 (재)여성기업종합지원센터에서 대상자에게 서비스 제공,,,,,9,12,5,6
WLF00000076,스포츠강좌이용권,문화체육관광부 체육진흥과,"아래의 수급자격을 충족하는 만 518세 유․청소년을 대상으로 합니다.

「국민기초생활보장법」에 따른 생계, 의료, 주거, 교육급여 수급가구 및 차상위계층* * 차상위 장애자활본인부담경감확인서발급대상 / 법정 한부모 지원 가구
경찰청 추천 학교가정성폭력 등 범죄피해가정 유청소년","



스포츠강좌이용권 누적 지원기간, 소득, 범죄피해 여부 등을 고려하여 대상자를 선정합니다.

(우선선정) 누적 이용기간 : 제한없음 / 수급자격 : 범죄피해가정(학교가정성폭력)*
(1순위) 누적 이용기간 : 신규 및 30개월 미만 / 수급자격 : 기초생활수급자(생계의료주거교육)
(2순위) 누적 이용기간 : 신규 및 30개월미만 / 수급자격 : 차상위계층, 법정 한부모가정
(3순위) 누적 이용기간 : 30개월 이상 / 수급자격 : 기초생활수급자(생계의료주거교육)
(4순위) 누적 이용기간 : 30개월 이상/ 수급자격 : 차상위층, 법정 한부모가정
* 범죄피해가구 신청자 중 지역별 배정인원 내 선정** 누적이용기간 : 스포츠강좌이용권 최근 4년간 누적 결제 횟수


","월 100,000원 범위 내에서 12개월 스포츠활동 강좌비를 지급합니다. 

수강료가 100,000원 이상인 경우, 차액은 본인 부담","담당 시/군/구청 또는 지방자치단체(시군구청, 주민센터, 방문), 국민체육진흥공단(인터넷)에서 서비스 제공 이후 대상자의 상황 관리",,,,,9,12,5,6
WLF00000077,원폭피해자지원,보건복지부 질병정책과,원폭 피해자를 지원합니다. (1945년 8월 제2차 세계대전 당시 일본히로시마와 나가사키에 투하된 원자폭탄에 피폭된 후 귀국한 한국인 피해자),"



대한적십자사에 등록된 원폭피해자를 지원합니다.
일본정부에서 인정한 원폭피해자 등록증 소지자(건강수첩 소지)와 대한적십자사에서 관리하는 원폭피해자(건강수첩 미소지자)를 지원합니다.

","매달 10만원의 진료보조비를 지급합니다. (합천원폭피해자복지회관에 입소자는 매달 5만원 지급)
건강수첩 미소지자에 대해, 진료비 본인부담금 전액을 지원합니다.
원폭 피해자가 사망 시 유족에게 장제비 210만원을 지급합니다.",02-3705-3705,,,,,9,12,5,6
WLF00000078,청소년특별지원,여성가족부 학교밖청소년지원과,"9세 이상 24세 이하 청소년 중 아래 대상자를 지원합니다.

「청소년복지 지원법」 제19조 제1항에 따른 교육적 선도 대상자 중에서 비행예방을 위하여 지원이 필요한 청소년
「학교 밖 청소년 지원에 관한 법률」 제2조제2호에 따른 학교 밖 청소년
보호자가 없거나, 실질적으로 보호자의 보호를 받지 못하는 청소년
일정기간 이상을 한정된 공간에서 외부와 단절된 상태로 생활하여 정상적 생활이 현저히 곤란한 청소년","



청소년이 속한 가구의 소득이 일정 기준금액(중위소득 100%) 이하인 청소년을 대상으로 합니다.※ 소득인정은 해당 청소년과 실제 생계나 거주를 같이하는 부모에 대한 소득

","(생활지원) 청소년이 일상생활을 유지하기 위하여 필요한 의식주 등 기초생계비와 숙식 제공 등의 서비스를 지원합니다.
- 의복/음식물 및 연료비 기타 일상 생활에 필요한 기초생계비, 숙식 제공
- 월 65만원 이내
(건강지원) 청소년이 신체/정신적으로 건강하게 성장하기 위해 요구되는 요양 급여 비용 및 서비스를 지원합니다.
- 진찰/검사, 약제/치료재료의 지급, 처치/수술, 그 밖의 치료, 예방/재활, 입원/간호, 이송 등 의료목적 달성을 위한 기타 조치사항
※ 비급여 제외, 본인부담액 지원
- 연 200만원 이내
(학업지원) 청소년이 계속적인 학업을 수행하기 위하여 필요한 교육비용 및 건전육성을 위한 서비스를 지원합니다.
- 초/중등교육법 제2조에 의한 학교 입학금 및 수업료, 교과서대, 중고등학교 졸업학력 검정고시 준비에 필요한 학원비, 교과 학원비
- 수업료, 학교운영비 월 15만원 이내 , 그 외 월 30만원 이내
(자립지원) 청소년이 지식/기술/기능이나 능력을 함양하여 사회의 한 구성원으로서 자립하는데 필요한 비용 및 서비스를 지원합니다.
- 지식, 기술 및 기능 습득을 위한 비용, 진로상담 비용(적성/흥미 검사 및 상담 비용 포함) 및 직업체험 비용, 취업 알선 및 사후지도 비용
- 월 36만원 이내
(상담지원) 청소년의 건강한 발달을 도모하기 위한 심리 및 사회적 측면의 상담을 지원하는데 필요한 비용 및 서비스를 지원합니다.
- 정신적,심리적 치료를 위한 청소년 본인이나 그 가족의 상담비 및 심리검사비, 상담관련 프로그램(집단상담, 특수치료 등) 참가비
- 월 30만원 이내, 심리검사비(연 40만원) 별도
※ 청소년상담복지센터 상담지원비는 지원대상이 아님
(법률지원) 폭력이나 학대 등으로 위기상황에 있는 피해청소년의 위기극복 등에 필요한 소송비용 및 법률적 서비스를 지원합니다.
- 소송 비용, 법률 상담 비용
- 연 350만원 이내
(활동지원) 청소년심의위원회가 청소년의 건전한 성장을 위하여 필요하다고 인정하는 청소년활동 비용 및 서비스를 지원합니다.
- 수련활동비, 문화활동비, 문화체험비, 교류활동비, 특기활동비 등
- 월 30만원 이내
(기타지원) 운영위원회가 예산의 범위 안에서 필요하다고 인정한 지원을 지원합니다.- 청소년이 수치심을 느낄 수 있는 외모 및 흉터 등의 교정, 위기청소년의 교복, 체육복, 학용품, 수업재료 지원 등",담당 시/군/구청 또는 읍면동 행정복지센터에서 서비스 제공 이후 대상자의 상황 관리,,,,,9,12,5,6
WLF00000747,중장기복무 제대군인 무료법률 구조지원,국가보훈부 제대군인일자리과,"군인연금수급권이 없는 5년이상 19년 6개월미만 복무한 중ㆍ장기복무 제대군인 중에서 지방보훈청 또는 보훈지청에 지원대상으로 결정된 사람으로,
「국민기초생활보장법」에 따라 보건복지부장관이 고시하는 기준중위소득 125% 이하인 자 중,
「대한법률구조공단」에서 법률구조사건 조사, 구조타당성 등의 심사를 거쳐 소송구조를 받을 수 있도록 결정된 사람을 선정하여 지원합니다.","



지원대상의 내용을 참고해주시기 바랍니다.

","변호사 비용, 인지대, 송달료 등 제반 소송비용을 지원합니다.
소송비용은 대한법률구조공단에서 대납 후 청구하면, 예산 범위내에서 국가에서 대한법률구조공단에 지급합니다.
당해년도 예산 소진 시, 변호사 보수을 제외한 수수료인지대 등의 소송실비는 본인이 부담합니다.",국번없이 132,,,,,9,12,5,6
WLF00000750,애국지사특별예우금,국가보훈부 선양정책과,대한민국 국적을 유지하고 있는 애국지사를 지원합니다(생존자에 한함).,"



일제의 국권 침탈 전후로부터 1945년 8월14일까지 국내외에서 일제의 국권 침탈을 반대하거나 독립운동을 하기 위하여 항거한 사실이 있는 사람 중에서 그 공로를 인정받아 건국훈장, 건국포장 또는 대통령표창을 받은 경우 선정합니다.

","훈격에 따라 매월 특별예우금을 지급합니다. 

건국훈장 3등급을 받은 경우 2,325,000원
건국훈장 4등급을 받은 경우 1,920,000원
건국훈장 5등급을 받은 경우 1,725,000원
건국포장, 대통령표창을 받은 경우 1,575,000원",담당 시/군/구청 또는 보훈(지)청에서 대상자에게 서비스 제공,,,,,9,12,5,6
WLF00000751,청소년복지시설 운영 지원,여성가족부 청소년자립지원과,만 9세 ~ 만 24세가정 밖 청소년을 지원합니다., 선정기준은 지원대상의 내용을 참고해주시기 바랍니다.,"가출청소년들이 머무르며 생활을 할 수 있는 쉼터 입소를 지원합니다.
위험으로부터 청소년을 보호하고, 자립하여 생활할 수 있도록 지원합니다.
가정과 학교로 돌아갈 수 있도록 지원합니다.
청소년의 꿈과 진로모색을 위한 문화여가생활을 지원합니다.",1388(또는 지역번호 1388),,,,,9,12,5,6
WLF00000781,여성청소년 생리용품 지원,여성가족부 청소년정책과,"신청기간 : 2024.1.1. ~ 2024.12..22.(2024년 기준)
자격기준 : 취약계층 만 9~24세 여성청소년 

「국민기초생활보장법」에 따른생계, 의료, 주거, 교육급여 수급자
「국민기초생활보장법」에 따른법정 차상위계층
「한부모가족지원법」제5조 및 제5조의 2에 따른 지원대상자","



지원대상의 내용을 참고해주시기 바랍니다.

","(지원내용) 생리대를 구입할 수 있는 바우처 포인트를 월 13,000원 지원합니다.
* 신청한 달부터 지원이 이루어지므로, 가급적 빠른 신청 필요
- 지원된 바우처는 해당연도 12월 31일까지 사용하여야 하며, 잔여 바우처는 익년도 1월 1일에 전액 소멸
- 자격 변동으로 바우처 지원 대상에서 제외되는 경우 사용여부와 관계없이 잔여 바우처 전액 소멸
(사용방법) 국민행복카드(BC, 삼성, 롯데, 신한, 국민)를 발급받은 후 국민행복카드사별 가맹점에서 생리대를 구매 (문의 : 사회서비스 콜센터 1566-3232+선택 4)
- 생리대바우처 사용을 위해서는 국민행복카드 발급 필요
* 국민행복카드 발급 : BC카드 (1899-4651), 삼성카드(1566-3336), 롯데카드(1899-4282), 신한카드(1544-8868), KB국민카드(1599-7900)
- 국민행복카드는 청소년 본인 또는 부모 등 법정대리인 명의로 발급할 수 있으며, 바우처 신청 시 신청인 정보에 부모 등 법정대리인 정보를 작성하여야 함
(카드사별 가맹점) 발급받은 국민행복카드사의 가맹점에 한해 생리대 구매가 가능합니다.
- BC카드 : (오프라인) 홈플러스(익스프레스 포함), 이마트(트레이더스 포함), 농협하나로마트, CU편의점, GS25편의점, 노브랜드, GS더프레시/ (온라인) 지마켓, 옥션, 페이북쇼핑, 우리WON마켓, 국민행복몰
- 삼성카드 : (오프라인) 홈플러스(익스프레스 포함), 이마트(트레이더스 포함), 농협하나로마트, CU편의점, GS25편의점, 노브랜드, PK마켓, GS더프레시, 부츠(boots), 세븐일레븐편의점 / (온라인) 삼성카드쇼핑몰, 국민행복몰(https://www.vouchermall.co.kr)
- 롯데카드 : (오프라인) 홈플러스(익스프레스 포함). 롯데마트, 농협하나로마트, CU편의점, GS25편의점, VIC마켓, GS더프레시, 세븐일레븐편의점 / (온라인) 롯데카드 띵샵
- 신한카드 : (오프라인) GS25편의점, CU편의점 / (온라인) 신한카드 올댓쇼핑,국민행복몰(https://www.vouchermall.co.kr)
- KB국민카드 : (오프라인) GS25편의점, CU편의점 / (온라인) KB국카몰,국민행복몰(https://www.vouchermall.co.kr)",1566-3232(선택4),,,,,9,12,5,6
WLF00000782,(북한이탈주민)사회보장 지원(수급권자 범위의 특례),통일부 안전지원과,생활이 어려운 북한이탈주민을 지원합니다.,"



「2024년 국민기초생활보장사업안내」에 따른 2024년 북한이탈주민 특례대상자 선정기준에 해당하는 경우 사회보장을 지원합니다.

","(생계급여 수급자) 생활이 어려운 북한이탈주민에게 생계급여를 지원합니다. 
 
「북한이탈주민의 보호 및 정착지원에 관한 법률」제26조에 따라 하나원 퇴소 이후 생활이 어려운 북한이탈주민은 5년의 범위 내에서 특례 적용 
구체적 특례내용은 보건복지부 지침(국민기초생활보장사업 안내)에 따름 
북한이탈주민 특례를 제외한 사항은 일반 수급권자와 동일하며, 특례 적용기간 이후에는 일반국민과 동일한 기준 적용
 북한이탈주민 특례
 - 특례 기간 : 최초 거주지 전입일 이후 5년
 - 특례 적용의 개시일 산정은 최초 거주지 전입일부터 기산
 - 특례기간 중 탈수급 하였다 재 신청하는 경우 특례규정 재적용 가능
 
 특례 내용
 - 근로무능력자로만 구성된 가구는 가구원수에 1인을 추가하여 생계급여 지급(근로능력자가 포함된 가구는 일반수급자 선정기준과 동일)
 - 정착금(기본금, 장려금 및 주거지원금 등)은 재산가액 산정 제외
 - 부양의무자 기준 미적용
 - 최초 거주지 전입 후 6개월간 생계급여의 조건부과를 면제하고(조건제시유예자로 관리), 해당기간 만료후(거주지 전입 후 7개월～5년)에는 자활사업 참여의무 부과 
 
(의료급여 수급자) 「북한이탈주민의 보호 및 정착지원에 관한 법률」의 적용을 받고 있는 자와 그 가족으로서 보건복지부장관이 의료급여가 필요하다고 인정한 자에게 의료급여를 지원합니다.",02-2100-5554,,,,,9,12,5,6
WLF00000888,영구임대주택공급,국토교통부 공공주택정책과,"생계급여의료급여 수급자, 국가유공자, 일본군위안부 피해자, 지원대상 한부모가족, 도시근로자 월평균소득 70% 이하의 북한이탈주민 및 장애인 등 무주택세대 구성원을 대상으로 합니다.","



무주택자로서 아래에 해당하는 사람을 대상으로 공급합니다. * 지자체 기준에 따라 모집 기준 상이

「국민기초생활 보장법」상의 생계급여수급자 또는 의료급여수급자
유공자 또는 그 유족(참전유공자 유족 제외) 등으로서 수급자 선정기준의 소득인정액 이하이고 영구임대 자산요건을 충족하는 자
일본군위안부 피해자
지원대상 한부모가족
북한이탈주민으로서 전년도 도시근로자 가구당 월평균소득의 70%이하이고, 영구임대 자산요건을 자
장애인등록증이 교부된 자(지적장애인ㆍ정신장애인 및 장애의 정도가 심한 뇌병변 장애인의 경우에는 그 배우자를 포함)로서 전년도 도시근로자 가구당 월평균소득의 70%이하이고, 영구임대 자산요건을 충족하는 자
65세이상 직계존속 부양자로서 수급자 선정기준의 소득인정액 이하인 자(피부양자의 배우자도 무주택자이어야 함)
「아동복지법」에 따라 아동복지시설에서 퇴소하는 자로서 아동복지시설의 장이 추천하는 자로서 전년도 도시근로자 가구당 월평균소득의 70%이하이고, 영구임대 자산요건을 충족하는 자
65세 이상인 사람으로서 「국민기초생활 보장법」 제2조제1호에 따른 수급권자 또는 같은 조 제10호에 따른 차상위계층에 해당하는 사람
전년도 도시근로자 가구당 월평균소득 50%이하인 자로서 영구임대 자산요건을 충족 하는자
국토교통부장관 또는 시도지사가 영구임대주택의 입주가 필요하다고 인정하는 자
장애인등록증이 교부된자(지적장애인ㆍ정신장애인 및 장애의 정도가 심한 뇌병변 장애인의 경우에는 그 배우자를 포함)로서 전년도 도시근로자 가구당 월평균소득의 100%이하이고, 영구임대 자산요건을 충족하는 자


",시세의 30% 수준의 저렴한 임대료의 영구임대주택을 공급합니다.,1600-1004,,,,,9,12,5,6
WLF00000892,긴급복지 장제비지원,보건복지부 기초생활보장과,"생계곤란 등의 위기상황에 처하여 도움이 필요한 긴급복지 주지원(생계지원,주거지원,의료지원,사회시설 이용지원) 중인 대상자(가구구구성원 포함)가 사망한 경우 지원합니다.
위기 상황이란 다음과 같은 경우를 말합니다.
 

주소득자가 사망, 가출, 행방불명, 구금시설에 수용되는 등의 사유로 소득을 상실한 경우
중한 질병이나 부상을 당한 경우
가구구성원으로부터 방임 또는 유기되거나 학대 등을 당한 경우
가구 구성원으로부터 가정 폭력 또는 성폭력을 당한 경우
화재 또는 자연재해 등으로 거주하고 있는 주택이나 건물에서 생활하기 곤란한 경우
주소득자 또는 부소득자의 휴업, 폐업 또는 사업장의 화재 등으로 인하여 실질적인 영업이 곤란하게 된 경우
주소득자 또는 부소득자의 실직으로 소득을 상실한 경우
보건복지부령으로 정하는 기준에 따라 지방자치 단체의 조례로 정한 사유가 발생한 경우
그 밖에 보건복지부 장관이 정하여 고시하는 경우
-주 소득자와 이혼한 때
-단전된 경우(전류 제한기를 부설한 경우 포함)
-교정시설에서 출소한 자가 생계가 곤란한 경우
-가족으로부터 방임유기 또는 생계곤란 등으로 노숙을 하는 경우
-복지사각지대 발굴대상자, 통합사례관리 대상자 또는 자살고위험군으로서 관련 부서(기관)로 부터 생계가 어렵다고 추천을 받은 경우
- (한시) 코로나19로 인하여 주소득자 또는 부소득자가 무급휴직 등으로 소득을 상실한 경우
- (한시) 코로나19로 인하여 자영업자, 특수형태 근로종사자 또는 프리랜서인 주소득자 또는 부소득자의 소득이 급격히 감소한 경우","



(소득기준) 기준 중위소득 75% 이하일 경우 지원합니다. (1인기준 1,558천원, 4인기준 4,050천원)
(재산기준) 지역별 재산 기준금액은다음과 같습니다. *재산의 의미 :일반재산 + 금융재산 + 보험, 청약저축, 주택청약 종합저축 - 주거용재산 공제한도액 - 부채

대도시: 2억 4,100만원 이하 (주거용재산 공제한도액 적용시 3억 1천만원 이하)
중소도시: 1억 5,200만원 이하(주거용재산 공제한도액 적용시 1억 9,400만원이하)
농어촌: 1억 3,000만원 이하(주거용재산 공제한도액 적용시 1억 6,500만원 이하)

(금융재산기준) 600만원 이하일 경우에 지원합니다.

","긴급지원대상자(가구구성원 포함)이 사망한 경우 사체의 검안,운반,화장 또는 매장 기타 장제조치를 행하는데 필요한 비용을 지원합니다.
1인당 80만원을 지급합니다.
긴급 지원 요청 후 선지원 결정 전에 가구원 중 사망자가 있어도 장제비 지원이 가능합니다. * 예시 : (신청일) 1.1. (사망일) 1.2. (선지원 결정일) 1.3",담당 시/군/구청 또는 시군구에서 대상자에게 서비스 제공,,,,,9,12,5,6
WLF00000896,중독관리통합지원센터 운영,보건복지부 정신건강관리과,"인구 20만 이상 시/구에 중독관리통합지원센터 1개소 설치를 원칙으로 하며, 현재 전국 60개소 센터에 대한 운영을 지원합니다.
중독관리통합지원센터는 지역 사회 내 중독자와 그 가족 등 지역주민을 대상으로 서비스를 제공합니다.","



중독관리통합지원센터는 시도 및 시군구단위로 설치운영(국비 50%, 지방비 50% 지원)하며, 지자체에서 제출한 사업계획을 검토하여 지원대상 센터를 선정합니다.

","중독관리통합지원센터는 다음의 서비스를 제공합니다. 

알콜 등 중독자관리
중독자 가족지원
중독폐해 예방 및 교육
지역사회 사회안전망 조성
지역진단 및 기획 등","거주지 읍/면/동 주민센터, 중독관리통합지원센터에서 ‘서비스 신청’",,,,,9,12,5,6
WLF00000917,긴급복지 주거지원,보건복지부 기초생활보장과,"위기사유의 발생으로 임시거소 제공 또는 주거비 지원이 필요한 사람에게 지원합니다.
위기 상황이란 다음과 같은 경우를 말합니다.


주소득자가 사망, 가출, 행방불명, 구금시설에 수용되는 등의 사유로 소득을 상실한 경우
중한 질병이나 부상을 당한 경우
가구구성원으로부터 방임 또는 유기되거나 학대 등을 당한 경우
가구 구성원으로부터 가정 폭력 또는 성폭력을 당한 경우
화재 또는 자연재해 등으로 거주하고 있는 주택이나 건물에서 생활하기 곤란한 경우
주소득자 또는 부소득자의 휴업, 폐업 또는 사업장의 화재 등으로 인하여 실질적인 영업이 곤란하게 된 경우
주소득자 또는 부소득자의 실직으로 소득을 상실한 경우
보건복지부령으로 정하는 기준에 따라 지방자치 단체의 조례로 정한 사유가 발생한 경우
그 밖에 보건복지부 장관이 정하여 고시하는 경우
-주 소득자와 이혼한 때
-단전된 경우(전류 제한기를 부설한 경우 포함)
-교정시설에서 출소한 자가 생계가 곤란한 경우
-가족으로부터 방임유기 또는 생계곤란 등으로 노숙을 하는 경우
-복지사각지대 발굴대상자, 통합사례관리 대상자 또는 자살고위험군으로서 관련 부서(기관)로 부터 생계가 어렵다고 추천을 받은 경우
- (한시) 코로나19로 인하여 주소득자 또는 부소득자가 무급휴직 등으로 소득을 상실한 경우
- (한시) 코로나19로 인하여 자영업자, 특수형태 근로종사자 또는 프리랜서인 주소득자 또는 부소득자의 소득이 급격히 감소한 경우","



(소득기준) 기준 중위소득 75% 이하일 경우 지원합니다. (1인기준 1,558천원, 4인기준 4,050천원)
(재산기준) 지역별 재산 기준금액은다음과 같습니다. *재산의 의미 :일반재산 + 금융재산 + 보험, 청약저축, 주택청약 종합저축 - 주거용재산 공제한도액 - 부채

대도시: 2억 4,100만원 이하 (주거용재산 공제한도액 적용시 3억 1천만원 이하)
중소도시: 1억 5,200만원 이하(주거용재산 공제한도액 적용시 1억 9,400만원이하)
농어촌: 1억 3,000만원 이하(주거용재산 공제한도액 적용시 1억 6,500만원 이하)

(금융재산기준) 800만원 이하일 경우에 지원합니다.

","위기사유의 발생으로 임시거소 제공자 또는 주거비 지원이 필요하다고 인정되는 사람에게 지원합니다.
시장군수구청장은 국가 또는 지방자치단체가 소유한 임시거소를 제공하거나 임시로 거처할 수 있는 주거를 제공합니다.

다만, 국가 또는 지방자치단체의 소유가 아닌 타인 소유의 임시거소에 대한 지원의 경우, 아래의 순서대로 지원합니다.
 임시거소 제공자가 거소사용 비용을 제2호 서식에 따라 청구한 후, 시장군수구청장이 임시거소 제공자에 지급(상한액 내 실비지급)합니다.

지역별, 가구원수별 지원기준(대도시 4인가구의 경우, 662,500원)을 고려하여 유사한 수준의 임시거소를 확보하여 제공합니다.",담당 시/군/구청 또는 시군구에서 대상자에게 서비스 제공,,,,,9,12,5,6
WLF00000921,(북한이탈주민)상담 지원,통일부 정착지원과,국내에 입국한 모든 북한이탈주민을 대상으로 지원합니다.,"



상담지원의 시급성과 적절성을 고려하여 우선 지원합니다.

","사회에 진출한 북한이탈주민에 대한 심층적 이해를 바탕으로 거주지에서 심리상담, 의료/교육/복지/취업지원 등 전문적 종합서비스를 제공합니다.","담당 시/군/구청 또는 북한이탈주민지원재단, 북한이탈주민 지역적응센터에서 서비스 제공 이후 대상자의 상황 관리",,,,,9,12,5,6
WLF00000922,여성기업 판로지원,중소벤처기업부 기업환경정책과,"여성기업, (예비)여성창업자를지원합니다.","



「여성기업지원에 관한 법률」에 따른 여성기업을 지원합니다.

","여성기업 확인제도를 운영합니다.
TV홈쇼핑을 통한 판매를 지원합니다.
해외진출을 지원합니다.","거주지 읍/면/동 주민센터, 한국여성경제인협회, (재)여성기업종합지원센터에서 ‘서비스 신청’",,,,,9,12,5,6
WLF00000923,"의료급여 중증질환, 희귀질환 및 중증난치질환자 지원",보건복지부 기초의료보장과,"의료급여 수급자 중에서 보건복지부 장관이 고시하는 중증질환자, 희귀질환, 중증난치질환(결핵질환자 포함)을 가진 사람을 지원합니다.","



의료급여 기관에서 '의료급여 산정특례등록 신청서'를 발급 받아 거주지 관할 시/군/구청 또는 읍/면/동에 신청서를 제출하고 등록한 경우 산정특례가 적용됩니다.* 의료급여 기관을 통한 전산등록 가능

","급여비용에 대한 본인부담을 면제합니다.
의료급여 1종 수급권자 자격을 부여합니다.
단계별(제1차  제2차  제3차의료급여기관) 의료급여 절차를 예외적용 합니다.(뇌혈관심장질환자는 제외)
질환군별 급여일수를 별도로 산정합니다. * 다만 보건복지부 장관이 고시하는 뇌혈관이나 심장 질환자, 중증 외상 환자는 적용 기간이 짧은 점을 감안하여 본인부담 면제혜택만 부여",129,,,,,9,12,5,6
WLF00000946,산림복지서비스이용권,산림청 산림복지교육과,"「산림복지 진흥에 관한 법률」제2조제3호 및 동법 시행령 제2조에 따른 산림복지소외자를 대상으로 합니다.

「국민기초생활 보장법」제2조제2호에 따른 기초생활수급자
「장애인 복지법」제49조제1항에 따른 장애수당 수급자
「장애인 복지법」제50조제1항에 따른 장애아동수당 수급자
「장애인 연금법」제2조제4호에 따른 장애인연금 수급자
「국민기초생활 보장법」제2조제10호에 따른 차상위계층
「한부모가족지원법」제5조에 따른 지원대상자","



지원대상의 내용을 참고해주시기 바랍니다.

","산림복지서비스를 이용할 수 있는 이용권을 지원합니다.

(지원금액) 1인당 10만원 연1회 지급(바우처 카드 지급)
(신청기간) 2023년 12월 18일 ~ 2024년 1월 19일
(선정일) 2024년 1월 31일
(카드발급) 2024년 2월 1일(목) 14시(포인트 충전)  2월 29일(목)
- 본인 소유의 KB국민카드에 1인당 10만원 포인트 충전(재난지원금 방식)
- 비회원의 경우 신규카드 발급(선불카드 또는 KB페이 앱 다운)
※ 카드 발급신청 기간 내 특별한 이유 없이* 이용권 발급을 받지 않은 선정자는 사용 포기로 간주하고 해당 이용권을 차순위에게 발급함 * 전화, 문자 등의 수단으로 연락되지 않는(연락 두절) 사람, 카드 미발급자
(사용기간) 포인트 충전 또는 카드발급일 - 2024년 11월 30일- 사용기간 내 사용되지 않은 금액은 국가로 반납되며, 다음 연도로 이월되거나 현금으로 교환될 수 없음
(사용처) 산림복지서비스제공자로 등록된 산림복지시설 및 산림복지전문업
 - 사용처는 이용권 홈페이지(www.forestcard.or.kr)에서 확인 가능
(사용범위) 산림복지서비스 프로그램 이용과 관련된 비용- 제공자 시설의 입장료, 프로그램 체험료, 숙박비, 식비 등
(이용권 고객지원센터) 1544-3228",담당 시/군/구청 또는 한국산림복지진흥원에서 서비스 제공 이후 대상자의 상황 관리,,,,,9,12,5,6
WLF00000948,학교 밖 청소년 지원,여성가족부 학교밖청소년지원과,9~24세의 학교 밖 청소년을 지원합니다.,"



선정기준은 지원대상의 내용을 참고해주시기 바랍니다.

","전국 학교 밖 청소년지원센터에서 다음과 같은 서비스를 제공합니다. 

상담지원: 초기상담 및 욕구파악, 심리진로가족관계 등 문제상담
교육지원: 검정고시 지원, 상급학교 진학 지원, 비진학 청소년 진학 지원, 재취학, 재입학 등 복학, 대안학교 진학 지원, 학업 중단 예방 지원 등
직업체험 및 취업지원: 직업체험이나 진로교육활동 또는 직접적인 경제활동 참여나 취업을 지원하는 활동 등
자립지원: 생활지원, 문화공간지원, 의료지원, 정서지원, 경제교육, 법률교육 등
건강증진 서비스 제공 등

지역에 따라 제공서비스 내용은 다를 수 있습니다.",담당 시/군/구청 또는 학교밖청소년지원센터에서 대상자에게 서비스 제공,,,,,9,12,5,6
WLF00001063,주거안정 월세대출,국토교통부 주택기금과,"주거안정 월세대출 신청대상은 다음과 같습니다.

(공통요건) 부부합산 순자산 3.61억원 이하 무주택 세대주
(우대형) 취업준비생, 희망키움통장 가입자, 근로장려금 수급자, 사회초년생, 자녀장려금 수급자, 주거급여수급자
(일반형) 우대형 外 부부합산 연소득 5천만원 이하

아래의 요건을 충족하는 주택을 지원합니다.

(임차 전용면적) 임차 전용면적 85㎡ (수도권 제외한 도시지역이 아닌 읍면 지역은 100㎡) 이하 주택(주거용 오피스텔은 85㎡ 이하 포함)
(임차보증금) 보증금 1억원 이하 및 월세 60만원 이하","



지원대상의 내용을 참고해주시기 바랍니다.

","청년전용 주거안정 월세자금을 아래의 요건으로 대출해 드립니다.

(대출한도) 다음 중 작은 금액으로 산정
1. 호당 대출한도 - 최대 960만원 (매월 최대 40만원 이내)
* 주거급여 수급자의 경우 대출한도에서 주거급여 수급액 금액만큼 제외
2. 담보별 대출한도
- 한국주택금융공사 전세대출보증 : 해당 보증 규정에 따름
(대출금리) 우대형 연 1.0%, 일반형 연 1.5%
- 자산심사 부적격자의 경우 가산금리가 부과
* 금리는 정부부처 정책에 따라 달라질 수 있어 주택도시기금(nhuf.molit.go.kr) 홈페이지 통해 최신 적용기준 확인
(이용기간) 2년 (4회 연장하여 최장 10년 가능)
(상환방법) 일시상환","담당 시/군/구청 또는 주택도시기금 수탁은행 (우리, 국민, 신한, 하나, 농협 등)에서 대상자에게 서비스 제공",,,,,9,12,5,6
WLF00001064,6.25자녀수당,국가보훈부 보상정책과,"6.25전몰(순직)군경자녀를 대상으로 지원합니다.

1954.10.25일 이전(1950.6.25.이전 사망자 포함)에 전사하거나 순직한 전몰 또는 순직군경의 자녀
1954.10.25.~1955.3.31. 사이 남부지구 경비사령부 제1,3,8경비대대 소속으로 참전하여 전사하거나 순직한 전몰 또는 순직군경의 자녀
1954.10.25.~1955.6.30.사이 서남지구 전투경찰대 소속으로 참전하여 전사하거나 순직한 경찰공무원의 자의 자녀","



지원대상의 내용을 참고해 주시기 바랍니다.

","자녀 간 협의에 따른 1명에게 아래의 구분에 해당하는 수당을 전액 지급하거나, 동순위 자녀 모두에게 아래의 구분에 해당하는 수당을 분할하여 지급합니다.

제적자녀수당: 월 1,613,000원(위로가산금 월 80,000원 추가)
- 전몰군경 또는 순직군경의 유족이 보상금을 전혀받지 않은 경우- 전몰군경 또는 순직군경의 미성년자녀가 보상금을 받다가 성년이 되어 보상금 수급권이 소멸한 경우
승계자녀수당: 월 1,372,000원- 전몰군경 또는 순직군경의 유족 중 미성년자녀를 제외한 유족이 보상금을 받다가 1997년 12월 31일 이전에 보상금 수급권이 소멸한 경우
신규승계자녀수당: 월 516,000원
- 전몰군경 또는 순직군경의 유족 중 미성년자녀를 제외한 유족이 보상금을 받다가 1998년 1월 1일 이후에 보상금 수급권이 소멸한 경우 * 신규승계자녀 중 국가유공자법 제14조에 따른 생활조정수당 수급자, 국민기초생활 보장법 제2조제10호에 따른 차상위계층 및 같은 법 제7조제1항제1호부터 제4호까지에 따른 급여수급권자에 해당하는 사람에 대해서만 추가지원금 월 114,000원 추가 지급",1577-0606,,,,,9,12,5,6
WLF00001065,고엽제후유의증수당,국가보훈부 보상정책과,"고엽제후유의증환자 본인을 대상으로 지원합니다.

월남전에 참전하고 전역한 자등 또는 남방한계선 인접지역에서 복무하고 전역한 자등으로서 「고엽제후유의증 등 환자지원 및 단체설립에 관한 법률」 제5조제2항 각 호의 어느 하나에 해당하는 질병을 얻은 자
- (월남전에 참전하고 전역한 자등) 1964.7.18.~1973.3.23. 사이에 월남전에 참전하여 고엽제 살포지역에서 병역법, 군인사법, 군무원인사법에 따른 군인이나 군무원으로서 복무하고 전역, 퇴직한 자와 정부의 승인을 받아 전투나 군의 작전에 종군한 기자로서 「고엽제법」 제5조제1항 각 호의 어느 하나에 대항하는 질병을 얻은 자 - (남방한계선 인접지역에서 복무하고 전역한 자등) 1967.10.9.~1972.1.31. 남방한계선 인접지역에서 병역법, 군인사법, 군무원인사법에 따른 군인이나 군무원으로서 복무하였거나 고엽제 살포업무에 참가하고 전역, 퇴직한 자로서 「고엽제법」 제5조제1항 각 호의 어느 하나에 대항하는 질병을 얻은 자

전상군경, 공상군경, 재해부상군경의 자격으로 보상금을 받거나 참전명예수당을 지급받는 때에는 본인이 고엽제후유의증수당과 보상금, 참전명예수당 중 하나를 선택합니다.","



지원대상의 내용을 참고해 주시기 바랍니다.

","고엽제후유의증수당은 장애의 정도에 따라 아래와 같이 지원합니다.


고도장애 : 월 1,175,000원
중등도장애 : 월 866,000원
경도장애 : 월 568,000원",1577-0606,,,,,9,12,5,6
WLF00001066,참전명예수당,국가보훈부 보상정책과,"65세 이상 참전유공자 본인을 대상으로 지원합니다.
전상군경, 공상군경, 무공수훈자, 6.25재일학도의용군인, 재해부상군경으로 보훈급여금을 받거나 고엽제법에 따른 수당을 지급받는 때에는 본인이 보훈급여금과 수당 중 하나를 선택합니다.","



지원대상의 내용을 참고해 주시기 바랍니다.

","참전유공자에게 월 420,000원을 지급합니다.",1577-0606,,,,,9,12,5,6
WLF00001067,장애아보육료지원,보건복지부 보육사업기획과,"장애인복지카드(등록증)를 소유한 미취학 만 12세 이하의 장애아동을 지원합니다.
단, 다음의 아동에 대해서는 예외적으로 지원할 수 있습니다. 

장애인 등에 대한 특수교육법 제15조에 따라 특수교육 대상자로 선정된 만 3~5세 아동이 특수교육대상자 진단/평가 결과 통지서를 제출한 경우
취학연령이 되었음에도 부득이하게 질병 등의 사유로 일반 초등학교 및 특수학교에 취학하지 못한 장애아동은 무상 보육 대상에 포함 (장애인 복지카드를 소지하거나 특수교육 대상자 진단/평가 결과 통지서를 제출한 경우
장애인복지카드 또는 특수교육 대상자 진단,평가 결과 통지서를 미소지한 만 5세이하 영유아가 장애 소견이 있는 의사진단서를 제출할 경우
장애아가 부득이하게 휴학한 경우에도 보육료 지원 가능(장애인복지카드 소지자는 만 6세 이상 만 12세까지 지원, 특수교육 대상자 진단/평가 결과 통지서를 제출한 경우 만 6세 이상 만 8세까지 지원 가능)
장애아동이 정부지원을 받는 특수학교(유치부 또는 초등학교 과정)를 이용할 경우 장애아 무상보육료 지원 불가하며, 초등학교 과정 아동은 방과후 보육료 지원이 가능 ※ 특수교육대상자의 경우 만 8세까지 장애아방과후보육료 지원 가능","



보호자의 소득수준에 상관없이 지원하되, 장애인복지카드(등록증), 장애소견이 있는 의사의 진단서 또는 특수교육대상자 진단,평가 결과 통지서를 제출하여야 합니다.
진단서 제출로 장애아 보육료를 지원하는 경우 주의사항은 다음과 같습니다.
 - 제출된 의사의 진단서(장애인등록용 장애진단서와는 다름)는 장애아등급이 반드시 명기될 필요는 없으나 진단서 상의 장애 소견이 「장애인 복지법」시행령 [별표 1]에 있는 ""장애인의 종류 및 기준""에 한정
- 진단기관은 장애인복지사업안내(장애인 등록)의 ""장애진단기관(의료기관) 및 전문의 등""의 기준에 한정

","장애아반 편성아동은 559,000원을 지원합니다.
만 3~5세 누리반(장애아)아동은 559,000원을 지원합니다.
일반아동반 편성 장애아동은 시도지사가 고시한 연령별 보육료 수납한도액을 지원합니다.",1566-3232(단축번호 1번),,,,,9,12,5,6
WLF00001068,한부모가족 아동양육비 지원,여성가족부 가족지원과,"'한부모가족'의 서비스별 지원대상은 다음과 같습니다.

아동양육비 : 지원대상자로 결정된 저소득 한부모가구의18세 미만의 아동* 단, 고등학교 이하 재학(고3 12월까지) 중인 경우 22세 미만 자녀
추가아동양육비 :  조손가족 및35세 이상 미혼 한부모가족의5세 이하 자녀  25~34세 이하 청년 한부모가족의18세 미만 자녀
학용품비 : 한부모가족(조손가족 포함)의 중학생 및 고등학생 자녀
생활보조금 : 한부모가족 복지시설에 입소한 저소득 한부모가족(조손가족 포함)

(참고) '청소년한부모'의 서비스별 지원대상은 다음과 같습니다.

아동양육비 : 지원대상자로 결정된 저소득 청소년한부모의 자녀
자립촉진수당 : 취업, 학업 등 자립활동에 참여하는 청소년한부모
검정고시 등 학습지원 : 검정고시를 준비하거나 중고등학교에 재학중인 청소년한부모","



'한부모가족'의소득인정액 기준은 다음과 같습니다.

복지급여 : 기준 중위소득63% 이하 한부모 및 조손가족
한부모가족증명서 발급 : 기준 중위소득 63% 이하 한부모 및 조손가족 (비급여)

(참고) 청소년한부모'의 소득인정액 기준은 다음과 같습니다.

복지급여 : 기준중위소득 65% 이하 청소년한부모
한부모가족증명서 발급(비급여) : 기준중위소득 72% 이하


","'한부모가족'의 아동양육비 등 지원내용은 다음과 같습니다.

(아동양육비) 저소득 한부모가족의18세 미만 자녀 1인당 월 21만원 지급합니다. * 단, 고등학교 이하 재학(고3 12월까지) 중인 경우 22세 미만 자녀
(추가아동양육비)
 - 조손가족 및 35세 이상 미혼 한부모가족의5세 이하 아동 1인당 월 5만원
 - 25세 이상 34세 이하 청년 한부모가족의 5세 이하 아동 1인당 월 10만원 - 25세 이상 34세 이하 청년 한부모가족의 6세 이상 18세 미만 아동 1인당 월 5만원
(학용품비) 한부모가족(조손가족 포함)의 중학생 및 고등학생 자녀 1인당 연 9.3만원의 학용품비 지원합니다.
(생활보조금) 한부모가족 복지시설에 입소한 저소득 한부모가족(조손가족 포함)에 대해 가구당 월5만원 지원합니다.

(참고) '청소년한부모 자립지원'의지원내용은 다음과 같습니다. 

(아동양육비) 저소득 청소년한부모 자녀 1인당 월 35만원 지원 * 0~1세 자녀는 1인당 월 40만원 지원
(자립촉진수당) 취업, 학업 등 자립활동에 참여하는 청소년한부모 대상 가구당 월 10만원씩 지원
(검정고시 등 학습지원) 검정고시 학습비(학원비,교재비), 학용품비 등 지원",1644-6621,,,,,9,12,5,6
WLF00001069,산재근로자 합병증 등 예방관리,고용노동부 산재보상정책과,의학적으로 합병증 등 예방관리를 위한 진료가 필요한 44개 증상이 있는 산재노동자를 지원합니다.,"



산업재해보상보험법 제57조에 따라 장해급여 지급 결정을 받은 자 중 예방관리 적용대상 장해등급 기준을 충족한 자
무장해자에 따른 예방관리 증상 상병(심근경색, 협심증, 기관지천식에 한함)의 치유를 결정한 자 중 합병증 등 예방관리가 필요하다고 인정된 자

","산재근로자의 합병증 등 예방관리를 위한 진료를 지원합니다.

11종 44개 합병증 등 예방관리 증상에 대해서 장해부위의 예방관리 증상 및 무장해자(심근경색, 협심증, 기관지천식에 한한)에 따라 지원되는 범위가 다릅니다.
기본적으로 진찰, 약제, 처치, 검사, 물리치료, 기타 필요한 의학적 조치 등이 지원되며 한방진료를 포함합니다.
예방관리 증상별 진료기준 상세내용은 ' 추가정보 서식/자료  합병증 등 예방관리업무처리규정'의 「예방관리 증상별 진료기준」을 참고하시기 바랍니다.",담당 시/군/구청 또는 근로복지공단에서 서비스 제공 이후 대상자의 상황 관리,,,,,9,12,5,6
WLF00001070,척수장애인재활훈련지원,보건복지부 장애인정책과,척수장애인을 지원합니다.,"



지원대상의 내용을 참고해주시기 바랍니다.

","척수장애인들에게 재활프로그램을 실시합니다.

종합상담실 운영, 동료상담가 파견사업, 지역사회복귀 코디네이터 파견사업 등 상담사업 전개
동료상담가 및 지역사회복귀코디네이터 양성 등 교육사업 전개
지역사회복귀훈련, 가족기능강화 등 재활지원사업 전개
생활체육활동, 문화.여가생활지원 등 문화체육활동 지원사업 전개 등",담당 시/군/구청 또는 한국척수장애인협회에서 대상자에게 서비스 제공,,,,,9,12,5,6
WLF00001071,우수학생 국가장학금 지원,과학기술정보통신부 미래인재양성과,"(대통령과학장학금) 국내 및 해외 4년제 대학의 자연과학 및 공학계열 학과(부)에 입학예정 또는 확정인 신입생이거나 3학년 재학중인 자를 대상으로 지원합니다.
(이공계 국가우수장학금) 국내 4년제 대학의 자연과학 및 공학계열 학과(부)에 입학예정 또는 확정인 신입생이거나 3학년 재학중인 자를 대상으로 지원합니다.","



대통령과학장학금의 선정기준은 다음과 같습니다. 

(1학년 신규)'22~'23년 국내 고등학교 졸업(예정)자 또는 초중등교육법 상 고교 졸업자와 동등한 학력을 인정받은 자(이하 동등학력자)로서 국내 고등학교 재학 중 전학년 전학기 이수한 수학과학 과목의 과목 수 또는 이수단위 합계가 다음의 기준 이상인 자(동등학력자는 충족 불요)
 - 과학고: 석차 4등급 이내 과목, 10개 과목 이상 또는 24 단위 이상
 - 일반고: 석차 3등급 이내 과목, 10개 과목 이상 또는 24 단위 이상 - 영재학교: A- 학점 이상 과목, 10개 과목 이상 또는 24 단위 이상
(3학년 신규)'23년 3월 3학년으로 학사정보가 등록된 자로서 대학교 재학중이며, 직전학기까지 총 평균성적이 백분위 점수 87점 이상인 자

이공계 국가우수장학금의 선정기준은 다음과 같습니다. 

(성적 우수 유형) 성적우수 유형 선발 인원의 80%를 대학별 당해연도('23년) 자연 과학 및 공학계열 학과(부) 입학생 중 직전년도 신규 장학생 선발 실적과 이공계 재학생 비율에 따라 대학별 선발인원 배정
(2년 지원 유형) 국가우수장학생(이공계)으로 선발된 이력이 없는 자연과학 및 공학계열 학과(부) 3학년 학생 중 대학의 추천을 받은 자
(한 학기 지원 유형) 국가우수장학생(이공계)으로 선발된 이력이 없는 자연과학 및 공학계열 학과(부) 3학년 이상 학생 중 대학의 추천을 받은 자
(과학기술전문사관 지원 유형) 과학기술전문사관 후보생으로 선정된 자 ※ 이공계 우수 국가장학생이 이공계 이외의 분야로 전공을 변경하거나, 졸업후 이공계 이외 분야로 진출할 경우 지급한 장학금을 관계 법령에 따라 환수


","대통령과학장학금은 2023년 502명 내외(신규장학생 157명(국내 137명, 해외 20명), 계속장학생 345명)에게 장학금을 지원합니다. 

국내: 장학금(등록금 전액), 학업장려비(학기당 250만원), 생활비(기초생활수급자인 경우 학기당 250만원)
해외: 연 5만 달러 내에서 실비학비, 체재비 지원
선정된 해당학기 및 정규학기 내에서 지원(단, 계속지원기준 충족필요) ※ 5년제 학과는 10학기까지 지원, 조기졸업은 졸업 시까지 지원

이공계 국가우수장학금은 2023년 8,003명 내외(신입생신규 1학년 1,375명, 재학생신규 1,475명, 과학기술전문사관 25명, 계속장학생 5,128명)에게 장학금을 지원합니다. 

장학금(등록금 전액), 생활비(기초생활수급자 및 차상위계층인 경우 학기당 250만원) ※ 과학기술전문사관 후보생은 전문역량개발비(학기당 250만원) 지원
신규장학생은 선정된 해당학기 및 정규학기 내(최대 8학기) 지원(5년제 학과는 최대 10학기)
재학중 우수자(2년 지원 유형) 및 과학기술전문사관 후보생 지원 유형은 선발 해당학기를 포함하여 최대 2년(정규 4학기) 지원
재학중 우수자(한학기 지원 유형)은 선발 해당학기 1회 지원 ※단, 장학생 지원기간은 계속지원기준 충족 필요",1599-2000,,,,,9,12,5,6
WLF00001072,가정폭력·성폭력 피해자 무료법률지원,여성가족부 권익보호과,"가정폭력성폭력 피해자, 스토킹교제폭력 피해자를 대상으로 무료로 법률지원합니다.
* 외국인 등록여부와 상관없이 국내거주 외국여성 포함
- 가정폭력성폭력 등의 피해와 관련된 민사,가사, 형사 사건 등을 대상으로 지원
구비 가능한 아래 자료 중 1개 이상을 입증자료로 제시하여야 합니다.
- 가정폭력,성폭력 등 피해상담 사실 확인서
- 진단서(폭력임을 증명할 수 있는 2주 이상의 상해진단서, 진단서 또는 소견서)
- 고소장사본 및 수사기관에서 발행한 고소장 접수증명서
* 대한법률구조공단의 경우, 법률구조대상자는 기준 중위소득 125%이하므로, 기준 중위소득 125%임을 소명하기 위한 주민등록표 등본, 건강보험료 납부확인서 등을 추가 제출","



지원대상의 내용을 참고해주시기 바랍니다.

","가정폭력 성폭력 등 피해자에게 무료로 상담 및 법률구조(소송, 소송장 작성, 화해 등)를 제공합니다.
구조비가 1인당 500만원을 초과할경우, 여성가족부, 시설 관계자, 법률전문가 등으로 구성된 심사위원회에서 추가지급여부를 결정합니다.
피해자가 외국인 또는 장애인일 경우 배정된 사업비 범위 내에서 통역비(수화통역 포함) 지급이 가능합니다.",국번없이 132,,,,,9,12,5,6
WLF00001073,장기복무제대군인수업료보조,국가보훈부 제대군인일자리과,"본인의 교육비는 10년 이상 군복무한 장기복무 제대군인 등록자로서 전역 후 3년 이내에 대학에 입학한 경우 지원합니다.
자녀의 교육비는 10년 이상 군복무자로서 국가보훈부의 생활수준 조사결과, 지원대상으로 결정된 제대 군인의 고등학교에 재학하는 자녀가 있는 경우 지원합니다.","



대학(산업대학, 교육대학, 전문대학, 원격대학 및 기술대학을 포함) 및 이에 준하는 학교에 재학하는 경우에 선정합니다.
장기복무 제대군인이 생활수준 조사결과 기준에 해당하고 그 자녀가 고등학교 또는 이에 준하는 학교에 재학하는 경우에 선정합니다.

","본인이 대학에 입학하거나 재학 중인 경우 입학금 및 수업료의 50%를 보조합니다.
고등학생 자녀의 입학금 및 수업료의 전액을 지원합니다. 

다른 법령에 따라 입학금수업료를 감면받거나 보조받는 경우에는 그 금액과 교육지원 금액을 합한 금액이 총액을 넘지 않아야 합니다.",1577-0606,,,,,9,12,5,6
WLF00001074,재해보상금,국가보훈부 보상정책과,"사망 또는 상이를 입은 의무경찰, 의무소방원, 교정시설 경비교도대원을 대상으로 지원합니다.","



대상자의 소속기관(경찰청, 소방청, 법무부)에서 지급 대상으로 결정된 경우 지원합니다.

","의무경찰, 교정시설경비교도대원 및 의무소방원이 전투 또는 공무수행 중에 사망 또는 상이를 입은 경우 사망(상이)급여금을 지급합니다.",1577-0606,,,,,9,12,5,6
WLF00001075,장애학생 정보격차 해소 지원,교육부 디지털교육지원과,"「장애인 등에 대한 특수교육법」에 따른 특수교육대상자의 특수학교 및 특수학급 교사, 일반학교 교사 등을 지원합니다.","



다음에 해당하는 사람 중 특수교육이 필요한 사람으로 진단ㆍ평가된 사람을 특수교육 대상자로 선정합니다.
 시각장애
 청각장애
 지체장애
 지적장애
 자폐성장애
 정서행동장애
 의사소통장애
 학습장애
 건강장애
 발달지체
 ~ 장애가 두 가지 이상 중복된 장애* 참고 법령 : 「장애인 등에 대한 특수교육법 시행령 제10조(특수교육대상자의 선정 기준)」

",특수교육 교수-학습 콘텐츠를 개발하여사이트 운영합니다.,041-537-1485,,,,,9,12,5,6
WLF00001076,서민금융 활성화 지원(햇살론youth 보증사업),금융위원회 서민금융과,"만 19세 이상 ~ 34세 이하이면서 연소득 3천 5백만원 이하인 대학생, 청년에게 지원합니다.","



취업준비생(대학(원)생, 학점은행제, 미취업청년) 및 사회초년생(중소기업 1년 이하 재직자)을 선정하여 지원합니다.

","1인당 최대 1천 2백만원 한도내 지원합니다. 

자금용도 : 일반생활자금 1회 300만원(연간 600만원), 특정용도자금(주거비, 의료비, 학업취업비) 1회 및 연간 900만원 한도로 보증",1397,,,,,9,12,5,6
WLF00001077,가정폭력상담소 운영지원,여성가족부 권익보호과,"가정폭력, 스토킹데이트폭력피해자와 그 가족을 지원합니다.","



선정기준은 지원대상의 내용을 참고해주시기 바랍니다.

","가정폭력, 스토킹데이트폭력피해자를 상담하고, 피해자를 임시보호하며, 법률의료 서비스 등을 연계합니다.",담당 시/군/구청 또는 전국 가정폭력상담소에서 대상자에게 서비스 제공,,,,,9,12,5,6
WLF00001078,산재근로자 창업점포지원,고용노동부 산재보상정책과,"다음 각 호의 어느 하나에 해당하는 2개월 이상 요양한 산재근로자로서 훈련직종 또는 취득자격증이나 일정기간 이상 종사한 업종과 관련된 업종으로 창업을 원하는 자를 지원합니다.

공단과 계약을 체결한 직업훈련기관 또는 공단이 지원하는 직업훈련과정을 수료한 자
2008. 7 이후 「근로자직업능력개발법」에 따른 직업능력개발시설에서 다른 법령에 의한 직업훈련 수료자
그 밖의 다른 법령에 따라 예산 및 기금이 지원되는 창업훈련과정을 수료한 자
「자격기본법」 또는 「국가기술자격법」에 따른 자격증을 취득한 자
법에 따른 진폐장해등급 결정을 받았거나 진폐의증(0/1)에 활동성 폐결핵이 합병되어 법에 따른 요양급여를 수급한 후 요양종결한 자
2년이상 종사한 업종과 관련있는 업종으로 자영업 희망자
사회적기업, 예비사회적기업, 예비사회적기업 인증을 준비 중인 법인

19년부터 신규지원은 중단하며, 기존선정자에 대한 지원은 유지합니다.","



아래의 기준으로 선정된 기존 지원자에 대해 지원을 유지합니다. ('19년부터 신규지원 중단)

공단과 계약을 체결한 직업훈련기관 또는 공단이 지원하는 직업훈련과정을 수료한 자 - 1997. 3. 1 이후 공단 재활훈련원 훈련과정을 100분의 80이상 이수한 자를 포함 
2008. 7 이후 「근로자직업능력개발법」에 따른 직업능력개발시설에서 다른 법령에 의한 직업훈련 수료자
그 밖의 다른 법령에 따라 예산 및 기금이 지원되는 창업훈련과정을 수료한 자
「자격기본법」 또는 「국가기술자격법」에 따른 자격증을 취득한 자 - 공인받지 아니한 민간자격증과「도로교통법」에 따른 운전면허증 제외 
법에 따른 진폐장해등급 결정을 받았거나 진폐의증(0/1)에 활동성 폐결핵이 합병되어 법에 따른 요양급여를 수급한 후 요양종결한 자
2년이상 종사한 업종과 관련있는 업종으로 자영업 희망자
사회적기업, 예비사회적기업으로서 다음 요건을 모두 충족하는 자
가. 창업점포지원 신청 당시 유급근로자를 1명 이상 고용할 것 
나. 근로자의 30% 이상이 산재장해인에 해당될 것 


","임대보증금 지원내용은 다음과 같습니다. 

전세금 지원 : 1억5천만원 이내(19년부터 재계약 보증금 상향분 및 점포이전보증금 지원)
월세 포함 임대보증금 지원 (월세는 운영자가 부담, 월 250만원 이내, 단 전기료, 수도세 등 은 제외)
임대차 계약기간은 1년 또는 2년 단위로 최장 6년까지 지원

연 2% 이자를 12로 나누어 근로복지공단에 월별 균등 납부합니다.",담당 시/군/구청 또는 근로복지공단에서 대상자에게 서비스 제공,,,,,9,12,5,6
WLF00001079,주거안정 월세대출 보증,금융위원회 금융정책과,"보증금 1억원 이하 및 월세 60만원 이하인 월세계약을 체결한 주택도시기금 주거안정 월세대출 대상자를 지원합니다.
단, 아래의 사유에 해당되는 분은 보증을 이용할 수 없습니다.

보증신청일 현재 공사의 구상권 또는 유동화미수채권 등이 회수되지 아니한 주채무자와 그 배우자 및 채무관계자* 다만, 법적 변제의무 종결자 및 물적담보제공자는 제외
공사에서 정한 보증사고 사유에 해당되어 사고처리(사고처리 유보 포함, 이하 같다)된 자와 그 배우자 및 채무관계자
공사 개인신용평가시스템에 의한 보증거절등급자
신용관리정보를 보유하고 있는 자
구상채권회수보증의 피보증인 및 연대보증인
채권자가 될 금융기관의 대출금을 연체중인 자
부실자료제출 확정자로서 보증제한기간이 경과하지 아니한 자
그 밖에 보증제한 대상자로 사장이 정한 경우에 해당하는 자","



지원대상의 내용을 참고해주시기 바랍니다.

","임대차계약에 따른 월세 지급을 위한 월세자금대출 시, 864만원 한도로 보증을 제공합니다.


월 최대 40만원, 2년간 960만원에 대해 90% 부분보증 지원",담당 시/군/구청 또는 위탁금융기관에서 서비스 제공 이후 대상자의 상황 관리,,,,,9,12,5,6
WLF00001080,산재근로자 생활안정자금융자,고용노동부 산재보상정책과,"월평균 소득이 중위소득 이하인 자로 아래의 경우에 해당하는 자를 지원합니다. 

산재보험법에 의한 사망근로자 유족급여 수급권자(단, 방계 일시금 수급권자 제외)
상병보상연금수급권자, 장해등급 제1급부터 제9급까지 결정받은 자
5년 이상 장기요양 중인 이황화탄소 질병판정자(CS2)
3개월 이상 요양 중인 산재근로자로서 평균임금이 최저임금 이하에 해당하는 자(의료비,혼례비,장례비에 한정)","



아래의 경우에 해당하는 경우에는 지원 대상에서 제외될 수 있습니다. 

월평균 소득이 가구수 별 중위소득 기준을 초과하는 자 * 2023년 중위소득(3인 가구 기준): 4,434,816원
한국신용정보원의 「일반신용정보관리규약」에 따른 연체, 대위변제대지급, 부도, 금융질서 문란 정보공공정보 등 신용정보 보유자
공단으로부터 신용보증지원을 받은 후 부정대부 신청, 용도 외 사용 등으로 융자결정이 취소된 사실이 있는 경우
외국인 및 재외동포(재외국민 및 외국국적동포)
공단의 신용보증지원으로 산재생활안정자금 및 대학학자금, 근로자 생활안정자금 융자를 포함하여 총 2,000만원이상을 융자받아 상환이 완료되지 않은 경우(단, 상환 완료액 한도 내에서 추가 융자는 가능)


","1세대 당 2,000만원 범위 안에서 각 대출 항목별로 차등 지원합니다. 

의료비, 혼례비, 장례비, 취업안정자금 : 1,000만원 이내
차량구입비, 주택이전비 : 1,500만원 이내

융자조건은 다음과 같습니다. 

융자기간 : 5년이내
상환방법 : 융자일로부터 1년거치 4년, 2년거치 3년, 3년거치 2년 균등분할상환으로 상환 방법 선택가능

대출 항목에 따른 융자신청서 제출기한은 다음과 같습니다. 

의료비 : 진료일(또는 의료비 납부일)부터 1년 이내
혼례비 : 결혼일 전후 90일 이내 또는 혼인신고일부터 90일 이내
장례비 : 사망일부터 90일 이내
취업안정자금 : 직장복귀일부터 1년 이내
차량구입비 : 소유권 등록일부터 90일 이내 또는 차량인수일 이전 30일 이내
주택이전비 : 임대차계약일 또는 전입일부터 90일 이내",1588-0075,,,,,9,12,5,6
WLF00001082,신재생에너지확대기반조성(사회복지시설),산업통상자원부 재생에너지산업과,"지자체 소유, 관리 또는 위탁 사회복지시설에 대해 신재생에너지 설비 설치를 지원합니다.
* 보건복지부가 정하는 복지시설물 유형
- 노인복지시설(양로원, 경로당, 요양원 등)
- 아동복지시설(상담소, 복지관, 어린이집, 양육시설 등)
- 장애인시설(재활시설, 직업재활, 복지시설 등)- 기타 정신요양원, 상담보호센터, 종합사회복지관 등","



지원대상의 내용을 참고해주시기 바랍니다.

","신재생에너지 설비 설치비용을 50%이내에서 지원합니다.* 신재생에너지 : 태양광, 태양열, 지열, 연료전지, 소형풍력 등",052-920-0766,,,,,9,12,5,6
WLF00001083,디지털역량강화교육(디지털배움터),과학기술정보통신부 디지털포용정책팀,"장애인, 고령자 등 취약계층을 포함한 전 국민을 대상으로 합니다.","



지원대상의 내용을 참고해주시기 바랍니다.

",디지털 역량강화온라인 교육 서비스를 제공합니다.,"이의가 있을 경우, 담당 시/군/구청 또는 한국지능정보사회진흥원에 이의 신청 접수",,,,,9,12,5,6
WLF00001084,여성긴급전화 1366센터 운영 지원,여성가족부 권익보호과,"가정폭력, 성폭력, 스토킹 등 폭력 피해자를 지원합니다.","



선정기준은 지원대상의 내용을 참고해주시기 바랍니다.

","가정폭력, 성폭력, 스토킹 등 폭력 피해자에 대한 1차 긴급상담, 피해자 임시보호, 서비스연계(의료기관, 상담기관, 법률구조기관, 보호시설 등) 등 위기개입 서비스를 제공합니다. 

여성폭력 피해자에 대한 신고접수 및 긴급상담구조
긴급보호 조치 : 긴급상황에 처한 피해자에 대한 위기개입 및 긴급한 구조를 위해 112, 119 등 연계조치, 관련 상담의료법률구조기관 또는 보호시설 등에 대한 정보제공 및 연계조치
긴급피난처 운영 : 가정폭력 등 피해자 및 동반자녀에 대한 365일 24시간 임시보호(최대 7일)* 및 숙식제공, 심리상담, 의료지원, 보호시설, 상담소 등 유관기관 연계(총 18개소 운영)* 단, 데이트폭력스토킹 피해자 등 타 보호시설로의 연계가 어려운 경우 30일까지 연장 보호 가능 
긴급피난 현장상담 지원사업 : 가정폭력성폭력성매매 관련 피해여성이 여성긴급전화 1366으로 긴급피난 전화 시 현장상담원이 현장에 출동하여 긴급보호상담 및 의료법률지원 등의 서비스 제공","이의가 있을 경우, 담당 시/군/구청 또는 1366센터에 이의 신청 접수",,,,,9,12,5,6
WLF00001085,산재근로자직장복귀지원,고용노동부 산재보상정책과,산업재해 장해등급 제1급~제12급에 해당하는 산재근로자자를 원래 다니던 직장에 복귀시켜 고용을 유지한 사업주를 지원합니다.,"



직장복귀지원금은 산재근로자를 기존 직장에 복귀시켜 고용을 유지한 사업주에게 지원합니다. 

(대상) 장해등급 제1급~제12급을 결정받은 자, 요양 중이나 장해등급 제1급~제12급에 해당할 것이라는 의학적 소견이 있는 자
(요건) 요양종결일(또는 직장복귀일)부터 6개월 이상 고용 유지(장애인고용의무 사업주는 의무고용률 초과)한 경우

직장적응훈련비와 재활운동비는 산재근로자를 기존 직장에 복귀시켜 적응훈련, 재활운동을 시킨 사업주에게 지원합니다. 

(대상) 장해등급 제1급~제12급을 결정받은 자, 요양 중이나 장해등급 제1급~제12급에 해당할 것이라는 의학적 소견이 있는자
(요건) 
 - (직장적응훈련비) 요양 중 또는 요양종결일(또는 직장복귀일) 직전 3개월부터 요양종결일(또는 직장복귀일) 이후 6개월 이내 시작, 직장적응훈련이 끝난 날의 다음날부터 6개월 이상 고용 유지한 경우 - (재활운동비) 요양종결일(또는 직장복귀일)이후 6개월이내 시작, 재활운동이 끝난 날의 다음날부터 6개월 이상 고용 유지한 경우


","산재근로자를 원직장에 복귀시켜 고용을 유지하거나 직장적응훈련 또는 재활운동을 실시한 사업주(직장적응훈련은 훈련기관 대체 가능)에게 각각 직장복귀지원금, 직장적응훈련비, 재활운동비를 지급합니다. 

(직장복귀지원금) 최대 12개월, 고시금액내 장해등급 별 차등지원(제1급~제3급 월 80만원, 제4급~제9급 월 60만원, 제10급~제12급 월 45만원)
(직장적응훈련비) 최대 3개월 동안 매달 45만원 내에서 실비 * 직접(현장) 훈련의 경우, 지급기준에 따라 고시금액 범위내 차등지급
(재활운동비) 최대 3개월 동안 매달 15만원 내에서 실비지급",담당 시/군/구청 또는 근로복지공단에서 대상자에게 서비스 제공,,,,,9,12,5,6
WLF00001086,특별현금급여(가족요양비),보건복지부 요양보험제도과,"65세 이상 노인 및 노인성 질병*을 가진 65세 미만 국민으로서 장기요양 1~5등급을 받은 사람 중 아래에 해당하는 사람을 대상으로 합니다.* 노인성 질병 : 치매, 뇌혈관 질환, 파킨슨병 및 관련질환

도서, 벽지 등 장기요양기관이 부족한 지역으로 장관이 정하여 고시하는 지역에 거주하고 있는 자
천재지변 등의 사유로 장기요양기관이 제공하는 서비스를 이용하기 어렵다고 장관이 인정한 자
대통령령에 따른 감염병 환자, 정신장애인, 신체적 변형 등으로 대인과의 접촉을 기피하는 자","



대상자 유형별 제출서류 기준은 다음과 같습니다.

섬, 벽지지역 고시에 따른 지역에 거주하는자 : 가족요양비 지급 및 의사소견서 제출 제외
「감염병의 예방 및 관리에 관한 법률」에 따른 감염병환자로서 감염의 위험성이 있는 경우 : 진단서 등 이를 증명할 수 있는 서류 필요
「장애인복지법」 제32조에 따라 등록한 장애인 중 같은 법 시행령 별표 1에 따른 정신장애인인경우 : 장애인등록증 필요
신체적 변형 등의 사유로 대인과의 접촉을 기피하는 경우 : 진단서 등 이를 증명할 수 있는 서류 필요


",장기요양급여 수급자가 가족 등으로부터 방문요양에 상당한 장기요양급여를 받은때 당해 수급자에게 가족요양비 월 22만 3천원을 지급합니다.,1577-1000,,,,,9,12,5,6
WLF00001087,가사·간병 방문 지원사업,보건복지부 사회서비스사업과,"만 65세 미만의 기준중위소득 70% 이하 계층 중 가사간병 서비스가 필요한 자를 지원합니다.
아래에 해당하는 경우 지원대상에서 제외합니다.
- 만 65세 이상의 어르신
- 국고로 지원되는 아래의 동일 또는 유사 돌봄서비스를 받고 있는자
* 장애인활동지원서비스, 노인돌봄종합서비스, 노인장기요양보험급여(만 65세 미만 치매특별등급 포함)
- 국민기초생활보장법 제32조에 따른 보장시설 입소자
- 의료기관 입원 중인 이용자(입원 기간 동안만 서비스 불가, 입퇴원일은 서비스 제공 가능)","



가사간병 서비스 신청자격은 다음과 같습니다.
 장애의 정도가 심한 장애인
 6개월 이상 치료를 요하는 중증질환자 (보건복지부장관이 고시한 중증질환 상병 해당자로, 최근 3개월 이내 발행된 진단서 또는 소견서 첨부)
 희귀난치성 질환자(보건복지부장관이 고시한 희귀난치성 질환 상병 해당자로, 진단서 또는 소견서 첨부)
 *단 행복e음을 통해 산정특례 등록여부 확인이 가능한 경우에는 관련 자료로 대체
 소년소녀가정, 조손가정, 한부모가정(법정보호세대)
 * 이 경우 서비스 대상자는 자녀손자녀가 됨
 만 65세 미만의 의료급여 수급자 중 장기입원 사례관리 퇴원자
 기타 시군구청장이 예산범위 내에서 장애정도가 심하지 않은 장애인, 질환 및 부상으로 인한 장기 치료자 등 가사간병 서비스가 필요하다고 별도로 인정한 자
 * 국고로 지원되는 장애인활동지원서비스 포함 유사 돌봄서비스를 받고 있는 자는 제외

","한 달에 일정기간 동안 가사 또는 간병 서비스를 이용할 수 있는 이용권(바우처)을 지급합니다. 

(지원기간) 바우처 자격 결정일로부터 1년 * 단, 재판정 절차를 통해 1년 단위로 연장 가능
(지원시간)월 24시간 또는 27시간(이용자가 선택)
(서비스 비용)월 412,800원(24시간) 또는 월 464,400원(27시간) * 시간당 단가 17,200원
(정부지원금)소득수준 및 이용시간에 따라 차등 지원
(본인부담금)서비스 가격에서 정부지원금을 뺀 차액 부담",129,,,,,9,12,5,6
WLF00001088,고위험 임산부 의료비 지원,보건복지부 출산정책과,"(소득기준) 기준중위소득 180% 이하 가구의 구성원인 임산부
(질환기준) 19대 고위험 임신질환*으로 진단받고 입원치료 받은 임산부 * 조기진통, 분만관련 출혈, 중증 임신중독증, 양막의 조기파열, 태반조기박리, 전치태반, 절박유산, 양수과다증, 양수과소증, 분만전 출혈, 자궁경부무력증, 고혈압, 다태임신, 당뇨병, 대사장애를 동반한 임신과다구토, 신질환, 심부전, 자궁 내 성장 제한, 자궁 및 자궁의 부속기 질환","



소득요건 판정기준은 다음과 같습니다.

기초생활보장수급자 및 차상위계층
건강보험료 본인부담금 고지금액 기준으로 가구원수별 기준중위소득 180% 이하인 가구

질환별 지원기준은 다음과 같습니다. 

각 질환별 지원대상 질병코드로 시작되는 하위코드를 모두 포함하여 지원합니다.
질병 관련 입원 치료 기간에 대해 지원하며, 19종 질환에 중복 해당될 경우 지원대상자에게 유리한 지원기간을 적용합니다.
질환별 세부 기준 (임신주수, 질병코드)
- 조기진통 : 임신주수 20주 이상, 37주 미만 / O60
- 분만관련 출혈 : 임신주수 20주 이상 / O67, O72
- 중증 임신중독증 : 임신주수 20주 이상 / O11, O14, O15
- 양막의 조기파열 : 임신주수 20주 이상, 37주 미만 / O42
- 태반조기박리 : 임신주수 20주 이상 / O45
- 전치태반 : 임신주수 20주 이상 / O44, O69.4
- 절박유산 : 임신주수 20주 이상 / O20.0
- 양수과다증 : 임신주수 20주 이상 / O40
- 양수과소증 : 임신주수 20주 이상 / O41.0
- 분만전 출혈 : O46 - 자궁경부무력증 : O34.3
- 고혈압 : O10, O13, O16
- 다태임신 : O30, O31
- 당뇨병 : O24
- 대사장애을 동반한 임신과다구토 : O21.1
- 신질환 : N00-N23* (N00-N08, N10-N16, N17-N19, N20-N23)
* 해당 질환코드 외 O코드(임신, 출산 및 산후기)가 진단서 상에 동시 기재되어 있어야 함
- 심부전 : I00-I52* (I00-I02, I05-I09, I10-I15, I20-I25, I26-I28, I30-I52)
* 해당 질환코드 외 O코드(임신, 출산 및 산후기)가 진단서 상에 동시 기재되어 있어야 함
- 자궁 내 성장 제한 : O36.5
- 자궁 및 자궁의 부속기 질환 : O23.5, O34.0, O34.1, O34.4, O34.8, O41.1


","고위험 임산부 입원치료비의 급여 중 전액본인부담금 및 비급여 진료비의 90%를 지원합니다. * 병실입원료 및 환자특식은 제외, 1인당 300만원 한도",담당 시/군/구청 또는 시군구 보건소에서 서비스 제공 이후 대상자의 상황 관리,,,,,9,12,5,6
WLF00001089,교육급여(맞춤형 급여),교육부 교육복지정책과,"다음 각 호의 학교 또는 시설에 입학 또는 재학하는 기초생활보장 수급자
- 「초중등교육법」 제2조제1호에 따른 초등학교공민학교
- 「초중등교육법」 제2조제2호에 따른 중학교고등공민학교
- 「초중등교육법」 제2조제3호에 따른 고등학교고등기술학교
- 「초중등교육법」 제2조제4호에 따른 특수학교
- 「초중등교육법」 제2조제5호에 따른 각종학교로서 제1호 내지 제4호와유사한 학교
- 「평생교육법」 제31조에 따른 학교형태의 평생교육시설(고등학교 졸업 이하의 학력이 인정되는 시설에 한함)
「의사상자 등 예우 및 지원에 관한 법률」 제12조에 따른 의사상자의 자녀","



소득인정액이 기준중위소득의 50% 이하인 가구의 초･중･고등학생을 지원합니다.* 기준 중위소득 50% 이하 : (2인가구) 1,728,077원, (3인가구) 2,217,408원, (4인가구) 2,700,482원, (5인가구) 3,165,344원
교육급여는 부양의무자 기준을 적용하지 않습니다.

","초･중･고등학생 교육활동지원비와 고등학생 교과서비, 입학금 및 수업료를 지원합니다.

(초등학생) 교육활동지원비 415,000원(연 1회)
(중학생) 교육활동지원비 589,000원(연 1회)
(고등학생)
- 교육활동지원비 : 654,000원(연 1회)
- 입학금 및 수업료 : 학교장이 고지한 금액 전액(입학금은 입학시 1회, 수업료는 분기별 지급)
- 교과서 : 해당 학년의 정규 교육과정에 편성된 교과목의 교과서 전체(연1회)",1599-2000,,,,,9,12,5,6
WLF00001090,장애인고용장려금지급,고용노동부 장애인고용과,"고용장려금 지원대상은 다음과 같습니다.

월별 상시근로자의 3.1%(공공기관 및 지방공기업 3.6%)를 초과하여 장애인을 고용한 사업주
단, 최저임금이상자 또는 최저임금적용제외 인가를 받은 장애인에 한해 지원
고용보험법에 따른 고용보험 가입대상으로 고용보험에 가입하지 않은 장애인근로자는 고용장려금 지급기준이 되는 대상인원에서 제외

고용장려금 지원 제외대상은 다음과 같습니다.

「고용보험법」,「산업재해보상보험법」,「사회적기업 육성법」 의 규정에 의한 지원금 및 장려금을 지급받는 장애인 근로자에 대하여 그 지급 기간에는 타지원금과의 차액만을 지급","



선정기준은 지원대상의 내용을 참고해주시기 바랍니다.

","의무고용률을 초과하여 고용한 장애인 근로자의 장애 정도 및 성별에 따라 1인당 월 35만원~90만원을 고용장려금으로 지급합니다.
고용장려금 지급단가는 다음과 같습니다.(2023년 발생분 부터) 

경증남성 : 35만원
경증여성 : 50만원
중증남성 : 70만원
중증여성 : 90만원",1588-1519,,,,,9,12,5,6
WLF00001091,국가유공자의료급여증발급,국가보훈부 보훈의료과,"아래 대상자에 대해 의료급여증을 발급합니다.

「독립유공자 예우에 관한 법률 」,「국가유공자 등 예우 및 지원에 관한 법률」및 「보훈보상대상자 지원에 관한 법률」의 적용을 받고 있는 사람과 그 가족으로서 국가보훈부장이 의료급여가 필요하다고 추천한 사람 중 보건복지부장관이 의료급여가 필요하다고 인정한 사람
국가보훈부장 추천 후, 보건복지부 장관이 의료급여가 필요하다고 인정한 경우 의료급여증을 발급

보장가구 구성 및 가족의 범위는 수권자 및 그 가족을 대상으로 합니다. 

주민등록표에 기재된 자로 생계나 주거를 같이 하는 자에게 지원 (민법상 가족의 범위에 속하지 않는 동거인은 제외)
동일 주민등록표에 기재되지 아니하였더라도 배우자와 30세 미만 미취업 미혼 자녀는 포함
외국인의 범위, 보장가구 제외자 범위 등은 국민기초생활보장법 준용","



소득인정액(기준 중위소득)이 산정기준에 해당하는 자를 지원합니다. 

일반 가구 : 기준 중위소득 80% 이하인 경우
취약 가구 : 기준 중위소득 100% 이하인 경우 * 취약가구 : 65세 이상인 자, 18세 미만인 자, 3급 이내(1~3급)의 상이등급자, 장애정도가 심한 장애인으로만 구성된 가구

소득인정액 산정방식은 다음과 같습니다.

소득인정액 = 소득평가액 + 재산의 소득환산액
소득평가액 = 실제소득 - 가구특성별 지출비용 - 근로소득공제* 근로소득공제 : 상시  일용 근로 소득 일부 공제 
재산의 소득환산율
- 일반재산, 금융재산, 자동차에 대해 연4%적용(월 0.333%)
- 소득 재산 확인 결과, 공제후 금융재산 총액이 250백만원 이상일 경우 의료급여 제외
- 기본재산 공제 : 대도시(13,500만원), 중소도시(8,500만원), 농어촌(7,250만원)
- 금융재산 공제 : 가구당 2,000만원
- 자동차 공제 : 상이 1~7급의 2,000cc이하 자동차 1대 재산산정 제외
- 보훈부 자체 대출이 있는 경우 잔액(대출)증명서 제출시 부채로 반영
공적소득 공제 : 보훈부 지급 간호수당, 생활조정수당을 공제
2023.1.1. 부터 근로능력유무에 따라 의료급여 1,2종 구분


","의료급여증을 발급하여 개인의 질병, 부상 등에 대한 의료서비스를 제공합니다.(진찰, 검사, 약제, 치료재료 지급, 수술, 입원 등)",담당 시/군/구청 또는 보훈(지)청에서 대상자에게 서비스 제공,,,,,9,12,5,6
WLF00001092,요양급여(보조기)-산재보험급여,고용노동부 산재보상정책과,업무상 재해로 인하여 장해가 발생되어 재활보조기구 지급 대상에 해당하는 산재근로자를 지원합니다.,"



재활보조기구 지급 대상에 해당하는 산재근로자로 재활보조기구 각 품목별 지급 대상 요건을 충족한 경우 지원합니다.

","재활보조기 구입비용(219개 품목)과 수리비용(118개 품목)을 지원합니다.
재활보조기구는 요양이 끝났을 때 비용을 지급하지만, 다음의 경우에는 치료 중에도 지급 가능합니다. 

사지절단환자 또는 신경마비 등으로 인하여 치료가 끝난 후에도 계속해서 재활보조기구의 장착이 의학적으로 필요한 경우
경추, 흉추, 요추 등의 척추손상 또는 척추질환의 치료를 위해서 보조기 착용이 의학적으로 필요한 경우
관절손상 등으로 인하여 관절운동의 제한 또는 관절의 고정을 위해서 보조기 착용이 의학적으로 필요한 경우
하지골절로 인해 통원치료를 받을 때 목발이 의학적으로 필요한 경우",1588-0075,,,,,9,12,5,6
WLF00001093,독거노인·장애인 응급안전안심서비스,보건복지부 노인정책과,"상시 보호가 필요한 독거노인 및 장애인에게 지원합니다.

(독거노인) 기초생활차상위 및 기초연금수급자이거나, 생활여건건강상태 등을 고려해 상시보호가 필요하다 인정하는 자
(장애인) 장애인 활동지원 수급자 등 상시 보호가 필요한 자","



독거노인

주민등록상 거주지와 동거자 유무와 관계없이 실제로 혼자 살고있는 만 65세 이상의 노인으로 아래의 사항 중 하나에 해당하는 자
 -  기초생활수급자,  차상위 또는  기초연금수급자인 자 
- 그 외 기초지자체(시군구) 장이 생활여건, 건강상태 등을 고려해 상시 보호가 필요하다고 인정하는 자 

장애인(아래 사항 중 하나에 해당)

장애인활동지원 13구간 이상이면서 독거 또는 취약가구에 해당하는 장애인
장애인 활동지원 14구간 이하이거나 그 외 장애인으로서 기초지자체장이 독거, 취약가구 등의 생활 여건을 고려해 상시 보호가 필요하다고 인정하는 장애인
 * 선정제외 대상 : 정부(지자체) 재정이 투입되어 24시간 활동지원을 받고 있는 장애인
-응급안전안심서비스를 이용하던 중 24시간 활동지원을 받게 되는 경우 댁내 장비는 반드시 철거
*취약가구 : 세대별 주민등록표에 등재된 대상자 외 가구 구성원 모두가 장애인이거나 만 18세 이하 또는 만65세 이상인 경우
*장애인활동지원 구간 :「장애인활동지원에 관한 법률」제8조(장애인활동지원 수급자격심의위원회)에 따른 활동지원 등급 결과 산정된 결과


","응급안전안심 시스템을 활용하여 제공되는 서비스는 다음과 같습니다. 

응급상황 모니터링
안전확인
생활교육
서비스 연계

응급안전안심서비스의제공방식은 다음과 같습니다. 

독거노인 및 장애인 가정에 화재가스 감지센서 및 응급호출기 등을 설치하여 응급상황에 상시 대응하고 안전 확인을 비주기적으로 실시합니다.
대상자의 안부 및 욕구를 파악하여 독거노인 응급안전돌보미시스템의 점검 및 사용법을 안내하고, 응급안전안심시스템 이용사례에 대해 교육합니다.
실제 응급상황 여부를 확인하고 사후관리를 진행합니다.
부재 등으로 인해 안전을 확인하지 못할 경우에는 이웃(이장 등)을 통해 안전 확인 조치를 합니다.",129,,,,,9,12,5,6
WLF00001094,"어린이집지원(교사근무환경개선비,교사겸직원장지원비)",보건복지부 보육사업기획과,"교사근무환경개선비 지원대상은 다음과 같습니다.

(지원조건)
- 어린이집 또는 시간제보육제공기관에서 반을 맡고 있는 담임교사(보육교사 또는 특수교사) 및 연장보육 전담교사, 담임교사와 연장보육 전담교사를 대체하는 대체교사
- 평일 8시간을 원칙으로 월 15일 이상 어린이집 또는 시간제보육 제공기관에서 실제 근무 또는 평일 4시간을 원칙으로 월 15일 이상 어린이집 및 시간제보육 제공기관에서 실제 근무
* 월급여 야간연장 교사는 일 6시간 이상 8시간 이내 근무 가능
* 신학기 적응기간(3,4월)에 한하여 대체교사 유휴인력 어린이집 지원 시 담임교사지원비 지급 가능
* 실제 근무일수가 15일 미만일 경우에는 근로자의 날, 공휴일(일요일 제외) 및 대체공휴일을 근무일수에 포함가능 하며, 월 5일 이내 휴가 또는 월 5일 이내의 법정보수교육 참석일을 추가포함 가능. 다만, 원장사전직무교육은 인정 불가
* 야간연장 교사, 방과후 교사, 24시간 교사도 지원대상 기준을 충족하는 경우 지원 가능
* 1일 2시간의 근로시간 단축 근무를 시행하고 있는 임신 후 12주 이내 또는 36주 이후에 있는 여성 교사, 육아기 근로시간 단축 근무자가 월15일 이상 근무하는 경우 지원가능(전액 지급)
(지원 제외 대상자)
- 어린이집에 담임교사로 등록되어 있지만 담임 업무를 수행하지 않은 경우는 제외
- 본인이 대표자로 있는 어린이집에서 보육교사(특수교사 포함)로 근무하고 있는 사람
- 어린이집 원장 중 보육교사를 겸직하는 사람
- 3~5세 누리과정 담당교사(처우개선비 별도 지원이 가능하므로 제외)

교사겸직원장 지원 지원대상은 다음과 같습니다.

원장으로 근무하는 사람 중 반 담임교사로 임면보고되어 원장 직무와 보육교사 직무를 겸직하고 있는 사람으로서 평일 8시간을 원칙으로 월 15일 이상 근무한 사람","



지원대상의 내용을 참고해주시기 바랍니다.

","보육교사 및 교사겸직원장의 근로여건 개선을 위해 근무환경개선비를 지원합니다.

(교사근무환경개선비)
- 일 8시간 근무 기본보육 담임교사 및 대체교사 : 월 26만원
- 일 4시간 근무 연장보육 전담교사 및 대체교사 : 월 13만원
* 평일기준 8시간 근무일수와 4시간 근무일수를 합하여 월 15일 이상인 경우 월 13만원 지급 
(교사겸직원장지원) 월 7.5만원",담당 시/군/구청 또는 어린이집에서 서비스 제공 이후 대상자의 상황 관리,,,,,9,12,5,6
WLF00001095,산재근로자복지지원(장학금),고용노동부 산재보상정책과,"선발신청서 접수일 현재 산업재해보상보험법의 규정에 따라 산업재해로 인정받은 근로자 중 아래사항에 해당 하는 사람 중 무상교육 비대상 학교에 재학 중인 고등학생을 지원합니다.

산재보험법에 의한 사망근로자의 배우자 및 자녀
산재보험법에 의한 상병보상연금 수급자 본인, 배우자 및 자녀
산재보험법에 의한 장해등급 1급 ~ 7급 본인, 배우자 및 자녀
산재보험법에 의한 5년 이상 장기요양자 중 이황화탄소(CS2) 질병판정자 본인, 배우자 및 자녀

교육과학기술부장관이 인정하는 고등학교 학력 인정하는 학교*에 입학 또는 재학 중인자를 지원합니다. * 정규고등학교, 고등공민학교, 고등기술학교, 특수학교, 평생교육시설 
고등학교 무상교육 전면 실시에 따라 2023년도부터 신규신청을 중단합니다. (기 지원자는 2024년까지 지원)","



당해년도 지급재원 범위 내에서 수혜 횟수가 적은 신청자 순으로 선발하며, 동일 순위인 경우 고학년을 우선 선발합니다. 

제1순위: 산업재해근로자 본인
제2순위: 산재사망근로자의 자녀
제3순위: 장해 또는 폐질 상위 등급 근로자의 자녀
제4순위 : 5년 이상 장기 요양 중인 이황화탄소(CS₂) 근로자의 자녀
제5순위 : 산재 사망근로자의 배우자
제6순위 : 장해 또는 폐질 상위 등급 근로자 배우자
제7순위 : 5년 이상 장기 요양 중인 이황화탄소(CS₂) 근로자 배우자

아래의 요건에 해당하는 경우 선발에서 제외됩니다. 

다른 법에서 장학금을 지급 받거나 받기로 한 자
다른 법인이나 개인으로부터 학비 전액을 지원 받거나 받기로 한 자
법에 따른 보험급여 및 연간 재산소득 수준이 사업계획에서 정한 일정 금액 이상인 자
그 밖에 이에 준하는 경우로서 이사장이 장학금 신청대상자로는 적합하지 않다고 인정한 자


","입학금, 수업료, 학교운영 지원비 중 실납부액을 지원합니다. (연간 1인 최대 500만원 지원)",담당 시/군/구청 또는 근로복지공단에서 서비스 제공 이후 대상자의 상황 관리,,,,,9,12,5,6
WLF00001096,농촌출신대학생학자금융자,농림축산식품부 농촌사회서비스과,"농어촌 지역에 주소를 두고 6개월(180일) 이상 거주하거나 농어업에 종사하고 있는 학부모(보호자)의 자녀(대학생)
농어업에 종사하는 대학생 본인","



성적 및 이수학점 기준은 다음과 같습니다. 

신입생군(신입생, 편입생, 재입학생) : 해당 대학의 입학 허가는 성적기준을 통과한 것으로 인정하여 성적 및 이수학점 기준 적용 제외
재학생 : 직전학기 소속대학 최저이수학점 또는 12학점 이상 이수, 70점 이상(100점 만점) 성적 기준을 통과한 자
졸업학년 학부생의 경우 이수학점 기준 적용 제외, 장애인의 경우 성적 및 이수학점 기준 적용 제외

대학 학칙에 의거하여 한 학기 성적 산출이 가능한 정규학기(계절학기 포함 가능) 기준이며, 학점은행제(시간제, 전일제) 등 정규학기 외 취득한 학점은 인정하지 않습니다.

","해당 학기 대학이 통보한 등록금(입학금, 수업료 등) 전액을 무이자 대출을 받을 수 있도록 지원합니다.",담당 시/군/구청 또는 한국장학재단에서 서비스 제공 이후 대상자의 상황 관리,,,,,9,12,5,6
WLF00001097,농업인연금보험료지원,농림축산식품부 농촌사회서비스과,국민연금 지역가입자 및 지역 임의계속 가입자 중 농업인에게 지원합니다.,"



지역가입자(당연/특례) 중 농업인은 다음과 같습니다. 

지역가입자에서 임의계속가입자로 된 농업인
「국민연금법」시행령 제57조 제1항에서 정하고 있는 농업인
「농업농촌 및 식품산업 기본법」제3조제2호 규정에 해당하는 자


","본인이 부담할 연금보험료의 50%를 초과하지 않는 범위 내에서 월 최대 46,350원을 지원합니다. 

기준소득월액 103만원 이하의 경우 월 연금보험료의 50%
기준소득월액 103만원 초과의 경우 46,350원(정액)",1355,,,,,9,12,5,6
WLF00001098,가족역량강화지원 사업,여성가족부 가족지원과,"서비스 제공 대상은 다음과 같습니다.

 기준 중위소득 100% 이하 (손)자녀를 양육하는 한부모조손가족 등 가족기능 및 역량강화를 위해 지원이 필요 가족
- 자립의지가 있는 비수급저소득 가구 우선 지원
- 세월호피해구제및지원특별법 제29조에 따라 친권자가 사망하거나 생사가 분명하지 아니한 미성년인 피해자는 학습정서지원 및 교육문화 프로그램 지원가능
 긴급위기가족- 재난사고 등 경제사회적 위기사건을 직면한 위기가족","



서비스 제공 대상 선정기준은 다음과 같습니다.

 해당 가구의 건강보험료 본인부담금 합산액이 기준 중위소득 100% 이하 (손)자녀를 양육하는 한부모조손가족 등 사업대상 기준에 적합한 대상자 중에서 복합적인 문제를 가지고 있어 사례관리가 필요하다고 판단되는 가구
- 초기상담, 사례회의, 사례선정 위원회 등을 통해 사례관리가 필요한 대상자 선정
※ 정보이용자 및 단순 서비스 이용자에 해당하는 경우 건강가정지원센터 및 외부기관 서비스를 이용하도록 연계
 긴급위기가족
- 위기사건으로 긴급지원이 필요하다고 판단되는 경우
- 사례관리 대상자 중 긴급위기 상황이 발생한 경우
※ 긴급한 개입을 요하는 위기가족은 가족 안전확보를 위해 긴급한 서비스가 선 제공된 이후 사례관리 대상자로 구분


","다음의 가족단위 맞춤형 서비스를 제공합니다. 
 
가족 기능 회복을 위한 상담, 교육프로그램 등 서비스 제공 
긴급위기 피해가족에 대한 상담 및 지원 
저소득 한부모조손가족 등에 대한 (손)자녀 학습정서지원 및 생활도움 지원 등* 각 지역의 건강가정지원센터 등에 사업비 지원",담당 시/군/구청 또는 지역 건강가정지원센터에서 대상자에게 서비스 제공,,,,,9,12,5,6
